frontier_index,throughput,fidelity,latency,memory
0,0,0.0,0,0.0
1,1,0.85,5.0,2.0
2,1,0.8841463414634146,10.0,4.0
3,1,0.9134033532472536,20.0,8.0
4,1,0.85,5.0,2.0
5,2,0.85,10.0,4.0
6,3,0.7779999999999999,25.0,10.0
7,3,0.8011209559844955,40.0,16.0
8,3,0.8230171706158821,70.0,28.0
9,3,0.7779999999999999,25.0,10.0
10,3,0.8011209559844955,40.0,16.0
11,3,0.8230171706158821,70.0,28.0
12,3,0.7779999999999999,25.0,10.0
13,3,0.8011209559844955,40.0,16.0
14,3,0.8230171706158821,70.0,28.0
15,2,0.8670731707317073,15.0,6.0
16,3,0.7893821138211381,30.0,12.0
17,3,0.8125030698056337,45.0,18.0
18,3,0.8343992844370204,75.0,30.0
19,3,0.7893821138211381,30.0,12.0
20,3,0.8125030698056337,45.0,18.0
21,3,0.8343992844370204,75.0,30.0
22,3,0.7893821138211381,30.0,12.0
23,3,0.8125030698056337,45.0,18.0
24,3,0.8343992844370204,75.0,30.0
25,3,0.7779999999999999,25.0,10.0
26,4,0.7419999999999999,40.0,16.0
27,4,0.7593407169883715,55.0,22.0
28,4,0.7757628779619115,85.0,34.0
29,4,0.7419999999999999,40.0,16.0
30,4,0.7593407169883715,55.0,22.0
31,4,0.7757628779619115,85.0,34.0
32,4,0.7419999999999999,40.0,16.0
33,4,0.7593407169883715,55.0,22.0
34,4,0.7757628779619115,85.0,34.0
35,3,0.7893821138211381,30.0,12.0
36,4,0.7505365853658535,45.0,18.0
37,4,0.7678773023542251,60.0,24.0
38,4,0.7842994633277651,90.0,36.0
39,4,0.7505365853658535,45.0,18.0
40,4,0.7678773023542251,60.0,24.0
41,4,0.7842994633277651,90.0,36.0
42,4,0.7505365853658535,45.0,18.0
43,4,0.7678773023542251,60.0,24.0
44,4,0.7842994633277651,90.0,36.0
45,3,0.8011209559844955,40.0,16.0
46,4,0.7593407169883716,55.0,22.0
47,4,0.7766814339767432,70.0,28.0
48,4,0.7931035949502832,100.0,40.0
49,4,0.7593407169883716,55.0,22.0
50,4,0.7766814339767432,70.0,28.0
51,4,0.7593407169883716,55.0,22.0
52,4,0.7766814339767432,70.0,28.0
53,3,0.8125030698056337,45.0,18.0
54,4,0.7678773023542252,60.0,24.0
55,4,0.7852180193425968,75.0,30.0
56,4,0.8016401803161368,105.0,42.0
57,4,0.7678773023542252,60.0,24.0
58,4,0.7852180193425968,75.0,30.0
59,4,0.7678773023542252,60.0,24.0
60,4,0.7852180193425968,75.0,30.0
61,3,0.8230171706158821,70.0,28.0
62,4,0.7757628779619116,85.0,34.0
63,4,0.7931035949502832,100.0,40.0
64,4,0.8095257559238231,130.0,52.0
65,4,0.7757628779619116,85.0,34.0
66,4,0.7757628779619116,85.0,34.0
67,3,0.8343992844370204,75.0,30.0
68,4,0.7842994633277652,90.0,36.0
69,4,0.8016401803161368,105.0,42.0
70,4,0.8180623412896768,135.0,54.0
71,4,0.7842994633277652,90.0,36.0
72,4,0.7842994633277652,90.0,36.0
73,3,0.7779999999999999,25.0,10.0
74,4,0.7419999999999999,40.0,16.0
75,4,0.7593407169883715,55.0,22.0
76,4,0.7757628779619115,85.0,34.0
77,4,0.7419999999999999,40.0,16.0
78,4,0.7593407169883715,55.0,22.0
79,4,0.7757628779619115,85.0,34.0
80,4,0.7419999999999999,40.0,16.0
81,4,0.7593407169883715,55.0,22.0
82,4,0.7757628779619115,85.0,34.0
83,3,0.7893821138211381,30.0,12.0
84,4,0.7505365853658535,45.0,18.0
85,4,0.7678773023542251,60.0,24.0
86,4,0.7842994633277651,90.0,36.0
87,4,0.7505365853658535,45.0,18.0
88,4,0.7678773023542251,60.0,24.0
89,4,0.7842994633277651,90.0,36.0
90,4,0.7505365853658535,45.0,18.0
91,4,0.7678773023542251,60.0,24.0
92,4,0.7842994633277651,90.0,36.0
93,3,0.8011209559844955,40.0,16.0
94,4,0.7593407169883716,55.0,22.0
95,4,0.7766814339767432,70.0,28.0
96,4,0.7931035949502832,100.0,40.0
97,4,0.7593407169883716,55.0,22.0
98,4,0.7766814339767432,70.0,28.0
99,4,0.7593407169883716,55.0,22.0
100,4,0.7766814339767432,70.0,28.0
101,3,0.8125030698056337,45.0,18.0
102,4,0.7678773023542252,60.0,24.0
103,4,0.7852180193425968,75.0,30.0
104,4,0.8016401803161368,105.0,42.0
105,4,0.7678773023542252,60.0,24.0
106,4,0.7852180193425968,75.0,30.0
107,4,0.7678773023542252,60.0,24.0
108,4,0.7852180193425968,75.0,30.0
109,3,0.8230171706158821,70.0,28.0
110,4,0.7757628779619116,85.0,34.0
111,4,0.7931035949502832,100.0,40.0
112,4,0.8095257559238231,130.0,52.0
113,4,0.7757628779619116,85.0,34.0
114,4,0.7757628779619116,85.0,34.0
115,3,0.8343992844370204,75.0,30.0
116,4,0.7842994633277652,90.0,36.0
117,4,0.8016401803161368,105.0,42.0
118,4,0.8180623412896768,135.0,54.0
119,4,0.7842994633277652,90.0,36.0
120,4,0.7842994633277652,90.0,36.0
121,3,0.7779999999999999,25.0,10.0
122,4,0.7419999999999999,40.0,16.0
123,4,0.7593407169883715,55.0,22.0
124,4,0.7757628779619115,85.0,34.0
125,4,0.7419999999999999,40.0,16.0
126,4,0.7593407169883715,55.0,22.0
127,4,0.7757628779619115,85.0,34.0
128,4,0.7419999999999999,40.0,16.0
129,4,0.7593407169883715,55.0,22.0
130,4,0.7757628779619115,85.0,34.0
131,3,0.7893821138211381,30.0,12.0
132,4,0.7505365853658535,45.0,18.0
133,4,0.7678773023542251,60.0,24.0
134,4,0.7842994633277651,90.0,36.0
135,4,0.7505365853658535,45.0,18.0
136,4,0.7678773023542251,60.0,24.0
137,4,0.7842994633277651,90.0,36.0
138,4,0.7505365853658535,45.0,18.0
139,4,0.7678773023542251,60.0,24.0
140,4,0.7842994633277651,90.0,36.0
141,3,0.8011209559844955,40.0,16.0
142,4,0.7593407169883716,55.0,22.0
143,4,0.7766814339767432,70.0,28.0
144,4,0.7931035949502832,100.0,40.0
145,4,0.7593407169883716,55.0,22.0
146,4,0.7766814339767432,70.0,28.0
147,4,0.7931035949502832,100.0,40.0
148,4,0.7593407169883716,55.0,22.0
149,4,0.7766814339767432,70.0,28.0
150,4,0.7931035949502832,100.0,40.0
151,3,0.8125030698056337,45.0,18.0
152,4,0.7678773023542252,60.0,24.0
153,4,0.7852180193425968,75.0,30.0
154,4,0.8016401803161368,105.0,42.0
155,4,0.7678773023542252,60.0,24.0
156,4,0.7852180193425968,75.0,30.0
157,4,0.8016401803161368,105.0,42.0
158,4,0.7678773023542252,60.0,24.0
159,4,0.7852180193425968,75.0,30.0
160,4,0.8016401803161368,105.0,42.0
161,3,0.8230171706158821,70.0,28.0
162,4,0.7757628779619116,85.0,34.0
163,4,0.7931035949502832,100.0,40.0
164,4,0.8095257559238231,130.0,52.0
165,4,0.7757628779619116,85.0,34.0
166,4,0.7931035949502832,100.0,40.0
167,4,0.8095257559238231,130.0,52.0
168,4,0.7757628779619116,85.0,34.0
169,4,0.7931035949502832,100.0,40.0
170,4,0.8095257559238231,130.0,52.0
171,3,0.8343992844370204,75.0,30.0
172,4,0.7842994633277652,90.0,36.0
173,4,0.8016401803161368,105.0,42.0
174,4,0.8180623412896768,135.0,54.0
175,4,0.7842994633277652,90.0,36.0
176,4,0.8016401803161368,105.0,42.0
177,4,0.8180623412896768,135.0,54.0
178,4,0.7842994633277652,90.0,36.0
179,4,0.8016401803161368,105.0,42.0
180,4,0.8180623412896768,135.0,54.0
181,1,0.8841463414634146,10.0,4.0
182,2,0.8670731707317073,15.0,6.0
183,3,0.7893821138211381,30.0,12.0
184,3,0.8125030698056337,45.0,18.0
185,3,0.8343992844370204,75.0,30.0
186,3,0.7893821138211381,30.0,12.0
187,3,0.8125030698056337,45.0,18.0
188,3,0.8343992844370204,75.0,30.0
189,3,0.7893821138211381,30.0,12.0
190,3,0.8125030698056337,45.0,18.0
191,3,0.8343992844370204,75.0,30.0
192,2,0.8841463414634146,20.0,8.0
193,3,0.8007642276422763,35.0,14.0
194,3,0.8238851836267719,50.0,20.0
195,3,0.8457813982581586,80.0,32.0
196,3,0.8007642276422763,35.0,14.0
197,3,0.8238851836267719,50.0,20.0
198,3,0.8457813982581586,80.0,32.0
199,3,0.8007642276422763,35.0,14.0
200,3,0.8238851836267719,50.0,20.0
201,3,0.8457813982581586,80.0,32.0
202,2,0.8987748473553341,30.0,12.0
203,3,0.8105165649035561,45.0,18.0
204,3,0.8336375208880514,60.0,24.0
205,3,0.8555337355194381,90.0,36.0
206,3,0.8105165649035561,45.0,18.0
207,3,0.8336375208880514,60.0,24.0
208,3,0.8555337355194381,90.0,36.0
209,3,0.8105165649035561,45.0,18.0
210,3,0.8336375208880514,60.0,24.0
211,3,0.8555337355194381,90.0,36.0
212,3,0.7893821138211381,30.0,12.0
213,4,0.7505365853658535,45.0,18.0
214,4,0.7678773023542251,60.0,24.0
215,4,0.7842994633277651,90.0,36.0
216,4,0.7505365853658535,45.0,18.0
217,4,0.7678773023542251,60.0,24.0
218,4,0.7842994633277651,90.0,36.0
219,4,0.7505365853658535,45.0,18.0
220,4,0.7678773023542251,60.0,24.0
221,4,0.7842994633277651,90.0,36.0
222,3,0.8007642276422763,35.0,14.0
223,4,0.7590731707317072,50.0,20.0
224,4,0.7764138877200788,65.0,26.0
225,4,0.7928360486936188,95.0,38.0
226,4,0.7590731707317072,50.0,20.0
227,4,0.7764138877200788,65.0,26.0
228,4,0.7928360486936188,95.0,38.0
229,4,0.7590731707317072,50.0,20.0
230,4,0.7764138877200788,65.0,26.0
231,4,0.7928360486936188,95.0,38.0
232,3,0.8105165649035561,45.0,18.0
233,4,0.766387423677667,60.0,24.0
234,4,0.7837281406660386,75.0,30.0
235,4,0.8001503016395786,105.0,42.0
236,4,0.766387423677667,60.0,24.0
237,4,0.7837281406660386,75.0,30.0
238,4,0.8001503016395786,105.0,42.0
239,4,0.766387423677667,60.0,24.0
240,4,0.7837281406660386,75.0,30.0
241,4,0.8001503016395786,105.0,42.0
242,3,0.8125030698056337,45.0,18.0
243,4,0.7678773023542252,60.0,24.0
244,4,0.7852180193425968,75.0,30.0
245,4,0.8016401803161368,105.0,42.0
246,4,0.7678773023542252,60.0,24.0
247,4,0.7852180193425968,75.0,30.0
248,4,0.7678773023542252,60.0,24.0
249,4,0.7852180193425968,75.0,30.0
250,3,0.8238851836267719,50.0,20.0
251,4,0.7764138877200789,65.0,26.0
252,4,0.7937546047084505,80.0,32.0
253,4,0.8101767656819905,110.0,44.0
254,4,0.7764138877200789,65.0,26.0
255,4,0.7937546047084505,80.0,32.0
256,4,0.7764138877200789,65.0,26.0
257,4,0.7937546047084505,80.0,32.0
258,3,0.8336375208880517,60.0,24.0
259,4,0.7837281406660387,75.0,30.0
260,4,0.8010688576544103,90.0,36.0
261,4,0.8174910186279503,120.0,48.0
262,4,0.7837281406660387,75.0,30.0
263,4,0.8010688576544103,90.0,36.0
264,4,0.7837281406660387,75.0,30.0
265,4,0.8010688576544103,90.0,36.0
266,3,0.8343992844370204,75.0,30.0
267,4,0.7842994633277652,90.0,36.0
268,4,0.8016401803161368,105.0,42.0
269,4,0.8180623412896768,135.0,54.0
270,4,0.7842994633277652,90.0,36.0
271,4,0.7842994633277652,90.0,36.0
272,3,0.8457813982581586,80.0,32.0
273,4,0.7928360486936189,95.0,38.0
274,4,0.8101767656819905,110.0,44.0
275,4,0.8265989266555305,140.0,56.0
276,4,0.7928360486936189,95.0,38.0
277,4,0.7928360486936189,95.0,38.0
278,3,0.8555337355194382,90.0,36.0
279,4,0.8001503016395787,105.0,42.0
280,4,0.8174910186279503,120.0,48.0
281,4,0.8339131796014903,150.0,60.0
282,4,0.8001503016395787,105.0,42.0
283,4,0.8001503016395787,105.0,42.0
284,3,0.7893821138211381,30.0,12.0
285,4,0.7505365853658535,45.0,18.0
286,4,0.7678773023542251,60.0,24.0
287,4,0.7842994633277651,90.0,36.0
288,4,0.7505365853658535,45.0,18.0
289,4,0.7678773023542251,60.0,24.0
290,4,0.7842994633277651,90.0,36.0
291,4,0.7505365853658535,45.0,18.0
292,4,0.7678773023542251,60.0,24.0
293,4,0.7842994633277651,90.0,36.0
294,3,0.8007642276422763,35.0,14.0
295,4,0.7590731707317072,50.0,20.0
296,4,0.7764138877200788,65.0,26.0
297,4,0.7928360486936188,95.0,38.0
298,4,0.7590731707317072,50.0,20.0
299,4,0.7764138877200788,65.0,26.0
300,4,0.7928360486936188,95.0,38.0
301,4,0.7590731707317072,50.0,20.0
302,4,0.7764138877200788,65.0,26.0
303,4,0.7928360486936188,95.0,38.0
304,3,0.8105165649035561,45.0,18.0
305,4,0.766387423677667,60.0,24.0
306,4,0.7837281406660386,75.0,30.0
307,4,0.8001503016395786,105.0,42.0
308,4,0.766387423677667,60.0,24.0
309,4,0.7837281406660386,75.0,30.0
310,4,0.8001503016395786,105.0,42.0
311,4,0.766387423677667,60.0,24.0
312,4,0.7837281406660386,75.0,30.0
313,4,0.8001503016395786,105.0,42.0
314,3,0.8125030698056337,45.0,18.0
315,4,0.7678773023542252,60.0,24.0
316,4,0.7852180193425968,75.0,30.0
317,4,0.8016401803161368,105.0,42.0
318,4,0.7678773023542252,60.0,24.0
319,4,0.7852180193425968,75.0,30.0
320,4,0.7678773023542252,60.0,24.0
321,4,0.7852180193425968,75.0,30.0
322,3,0.8238851836267719,50.0,20.0
323,4,0.7764138877200789,65.0,26.0
324,4,0.7937546047084505,80.0,32.0
325,4,0.8101767656819905,110.0,44.0
326,4,0.7764138877200789,65.0,26.0
327,4,0.7937546047084505,80.0,32.0
328,4,0.7764138877200789,65.0,26.0
329,4,0.7937546047084505,80.0,32.0
330,3,0.8336375208880517,60.0,24.0
331,4,0.7837281406660387,75.0,30.0
332,4,0.8010688576544103,90.0,36.0
333,4,0.8174910186279503,120.0,48.0
334,4,0.7837281406660387,75.0,30.0
335,4,0.8010688576544103,90.0,36.0
336,4,0.7837281406660387,75.0,30.0
337,4,0.8010688576544103,90.0,36.0
338,3,0.8343992844370204,75.0,30.0
339,4,0.7842994633277652,90.0,36.0
340,4,0.8016401803161368,105.0,42.0
341,4,0.8180623412896768,135.0,54.0
342,4,0.7842994633277652,90.0,36.0
343,4,0.7842994633277652,90.0,36.0
344,3,0.8457813982581586,80.0,32.0
345,4,0.7928360486936189,95.0,38.0
346,4,0.8101767656819905,110.0,44.0
347,4,0.8265989266555305,140.0,56.0
348,4,0.7928360486936189,95.0,38.0
349,4,0.7928360486936189,95.0,38.0
350,3,0.7893821138211381,30.0,12.0
351,4,0.7505365853658535,45.0,18.0
352,4,0.7678773023542251,60.0,24.0
353,4,0.7842994633277651,90.0,36.0
354,4,0.7505365853658535,45.0,18.0
355,4,0.7678773023542251,60.0,24.0
356,4,0.7842994633277651,90.0,36.0
357,4,0.7505365853658535,45.0,18.0
358,4,0.7678773023542251,60.0,24.0
359,4,0.7842994633277651,90.0,36.0
360,3,0.8007642276422763,35.0,14.0
361,4,0.7590731707317072,50.0,20.0
362,4,0.7764138877200788,65.0,26.0
363,4,0.7928360486936188,95.0,38.0
364,4,0.7590731707317072,50.0,20.0
365,4,0.7764138877200788,65.0,26.0
366,4,0.7928360486936188,95.0,38.0
367,4,0.7590731707317072,50.0,20.0
368,4,0.7764138877200788,65.0,26.0
369,4,0.7928360486936188,95.0,38.0
370,3,0.8105165649035561,45.0,18.0
371,4,0.766387423677667,60.0,24.0
372,4,0.7837281406660386,75.0,30.0
373,4,0.8001503016395786,105.0,42.0
374,4,0.766387423677667,60.0,24.0
375,4,0.7837281406660386,75.0,30.0
376,4,0.8001503016395786,105.0,42.0
377,4,0.766387423677667,60.0,24.0
378,4,0.7837281406660386,75.0,30.0
379,4,0.8001503016395786,105.0,42.0
380,3,0.8125030698056337,45.0,18.0
381,4,0.7678773023542252,60.0,24.0
382,4,0.7852180193425968,75.0,30.0
383,4,0.8016401803161368,105.0,42.0
384,4,0.7678773023542252,60.0,24.0
385,4,0.7852180193425968,75.0,30.0
386,4,0.8016401803161368,105.0,42.0
387,4,0.7678773023542252,60.0,24.0
388,4,0.7852180193425968,75.0,30.0
389,4,0.8016401803161368,105.0,42.0
390,3,0.8238851836267719,50.0,20.0
391,4,0.7764138877200789,65.0,26.0
392,4,0.7937546047084505,80.0,32.0
393,4,0.8101767656819905,110.0,44.0
394,4,0.7764138877200789,65.0,26.0
395,4,0.7937546047084505,80.0,32.0
396,4,0.8101767656819905,110.0,44.0
397,4,0.7764138877200789,65.0,26.0
398,4,0.7937546047084505,80.0,32.0
399,4,0.8101767656819905,110.0,44.0
400,3,0.8336375208880517,60.0,24.0
401,4,0.7837281406660387,75.0,30.0
402,4,0.8010688576544103,90.0,36.0
403,4,0.8174910186279503,120.0,48.0
404,4,0.7837281406660387,75.0,30.0
405,4,0.8010688576544103,90.0,36.0
406,4,0.8174910186279503,120.0,48.0
407,4,0.7837281406660387,75.0,30.0
408,4,0.8010688576544103,90.0,36.0
409,4,0.8174910186279503,120.0,48.0
410,3,0.8343992844370204,75.0,30.0
411,4,0.7842994633277652,90.0,36.0
412,4,0.8016401803161368,105.0,42.0
413,4,0.8180623412896768,135.0,54.0
414,4,0.7842994633277652,90.0,36.0
415,4,0.8016401803161368,105.0,42.0
416,4,0.8180623412896768,135.0,54.0
417,4,0.7842994633277652,90.0,36.0
418,4,0.8016401803161368,105.0,42.0
419,4,0.8180623412896768,135.0,54.0
420,3,0.8457813982581586,80.0,32.0
421,4,0.7928360486936189,95.0,38.0
422,4,0.8101767656819905,110.0,44.0
423,4,0.8265989266555305,140.0,56.0
424,4,0.7928360486936189,95.0,38.0
425,4,0.8101767656819905,110.0,44.0
426,4,0.8265989266555305,140.0,56.0
427,4,0.7928360486936189,95.0,38.0
428,4,0.8101767656819905,110.0,44.0
429,4,0.8265989266555305,140.0,56.0
430,1,0.9134033532472536,20.0,8.0
431,2,0.8987748473553341,30.0,12.0
432,3,0.8105165649035561,45.0,18.0
433,3,0.8336375208880514,60.0,24.0
434,3,0.8105165649035561,45.0,18.0
435,3,0.8336375208880514,60.0,24.0
436,3,0.8105165649035561,45.0,18.0
437,3,0.8336375208880514,60.0,24.0
438,3,0.8555337355194381,90.0,36.0
439,2,0.9134033532472536,40.0,16.0
440,3,0.8433898581493312,70.0,28.0
441,3,0.8433898581493312,70.0,28.0
442,3,0.8433898581493312,70.0,28.0
443,3,0.8652860727807178,100.0,40.0
444,3,0.8105165649035561,45.0,18.0
445,4,0.766387423677667,60.0,24.0
446,4,0.7837281406660386,75.0,30.0
447,4,0.766387423677667,60.0,24.0
448,4,0.7837281406660386,75.0,30.0
449,4,0.766387423677667,60.0,24.0
450,4,0.7837281406660386,75.0,30.0
451,4,0.8001503016395786,105.0,42.0
452,3,0.8336375208880514,60.0,24.0
453,4,0.7837281406660386,75.0,30.0
454,4,0.8010688576544102,90.0,36.0
455,4,0.7837281406660386,75.0,30.0
456,4,0.8010688576544102,90.0,36.0
457,4,0.7837281406660386,75.0,30.0
458,4,0.8010688576544102,90.0,36.0
459,3,0.8433898581493312,70.0,28.0
460,4,0.8083831106003699,100.0,40.0
461,4,0.8083831106003699,100.0,40.0
462,4,0.8083831106003699,100.0,40.0
463,3,0.8555337355194382,90.0,36.0
464,4,0.8001503016395787,105.0,42.0
465,4,0.8174910186279503,120.0,48.0
466,4,0.8001503016395787,105.0,42.0
467,4,0.8001503016395787,105.0,42.0
468,3,0.865286072780718,100.0,40.0
469,4,0.82480527157391,130.0,52.0
470,3,0.8105165649035561,45.0,18.0
471,4,0.766387423677667,60.0,24.0
472,4,0.7837281406660386,75.0,30.0
473,4,0.766387423677667,60.0,24.0
474,4,0.7837281406660386,75.0,30.0
475,4,0.766387423677667,60.0,24.0
476,4,0.7837281406660386,75.0,30.0
477,4,0.8001503016395786,105.0,42.0
478,3,0.8336375208880514,60.0,24.0
479,4,0.7837281406660386,75.0,30.0
480,4,0.8010688576544102,90.0,36.0
481,4,0.7837281406660386,75.0,30.0
482,4,0.8010688576544102,90.0,36.0
483,4,0.7837281406660386,75.0,30.0
484,4,0.8010688576544102,90.0,36.0
485,3,0.8433898581493312,70.0,28.0
486,4,0.8083831106003699,100.0,40.0
487,4,0.8083831106003699,100.0,40.0
488,4,0.8083831106003699,100.0,40.0
489,3,0.8555337355194382,90.0,36.0
490,4,0.8001503016395787,105.0,42.0
491,4,0.8174910186279503,120.0,48.0
492,4,0.8001503016395787,105.0,42.0
493,4,0.8001503016395787,105.0,42.0
494,3,0.8105165649035561,45.0,18.0
495,4,0.766387423677667,60.0,24.0
496,4,0.7837281406660386,75.0,30.0
497,4,0.766387423677667,60.0,24.0
498,4,0.7837281406660386,75.0,30.0
499,4,0.766387423677667,60.0,24.0
500,4,0.7837281406660386,75.0,30.0
501,4,0.8001503016395786,105.0,42.0
502,3,0.8336375208880514,60.0,24.0
503,4,0.7837281406660386,75.0,30.0
504,4,0.8010688576544102,90.0,36.0
505,4,0.7837281406660386,75.0,30.0
506,4,0.8010688576544102,90.0,36.0
507,4,0.7837281406660386,75.0,30.0
508,4,0.8010688576544102,90.0,36.0
509,4,0.8174910186279502,120.0,48.0
510,3,0.8433898581493312,70.0,28.0
511,4,0.8083831106003699,100.0,40.0
512,4,0.8083831106003699,100.0,40.0
513,4,0.8083831106003699,100.0,40.0
514,4,0.8248052715739099,130.0,52.0
515,3,0.8555337355194382,90.0,36.0
516,4,0.8001503016395787,105.0,42.0
517,4,0.8174910186279503,120.0,48.0
518,4,0.8001503016395787,105.0,42.0
519,4,0.8174910186279503,120.0,48.0
520,4,0.8001503016395787,105.0,42.0
521,4,0.8174910186279503,120.0,48.0
522,4,0.8339131796014903,150.0,60.0
523,3,0.7779999999999999,25.0,10.0
524,4,0.7419999999999999,40.0,16.0
525,4,0.7593407169883715,55.0,22.0
526,4,0.7419999999999999,40.0,16.0
527,4,0.7593407169883715,55.0,22.0
528,4,0.7419999999999999,40.0,16.0
529,4,0.7593407169883715,55.0,22.0
530,4,0.7757628779619115,85.0,34.0
531,3,0.7893821138211381,30.0,12.0
532,4,0.7505365853658535,45.0,18.0
533,4,0.7678773023542251,60.0,24.0
534,4,0.7505365853658535,45.0,18.0
535,4,0.7678773023542251,60.0,24.0
536,4,0.7505365853658535,45.0,18.0
537,4,0.7678773023542251,60.0,24.0
538,4,0.7842994633277651,90.0,36.0
539,4,0.7419999999999999,40.0,16.0
540,5,0.7203999999999999,55.0,22.0
541,5,0.7342725735906972,70.0,28.0
542,5,0.7203999999999999,55.0,22.0
543,5,0.7342725735906972,70.0,28.0
544,5,0.7203999999999999,55.0,22.0
545,5,0.7342725735906972,70.0,28.0
546,5,0.7474103023695291,100.0,40.0
547,4,0.7505365853658535,45.0,18.0
548,5,0.7272292682926829,60.0,24.0
549,5,0.7411018418833801,75.0,30.0
550,5,0.7272292682926829,60.0,24.0
551,5,0.7411018418833801,75.0,30.0
552,5,0.7272292682926829,60.0,24.0
553,5,0.7411018418833801,75.0,30.0
554,5,0.754239570662212,105.0,42.0
555,4,0.7593407169883716,55.0,22.0
556,5,0.7342725735906972,70.0,28.0
557,5,0.7481451471813945,85.0,34.0
558,5,0.7342725735906972,70.0,28.0
559,5,0.7481451471813945,85.0,34.0
560,5,0.7342725735906972,70.0,28.0
561,5,0.7481451471813945,85.0,34.0
562,4,0.7678773023542252,60.0,24.0
563,5,0.7411018418833801,75.0,30.0
564,5,0.7549744154740774,90.0,36.0
565,5,0.7411018418833801,75.0,30.0
566,5,0.7549744154740774,90.0,36.0
567,5,0.7411018418833801,75.0,30.0
568,5,0.7549744154740774,90.0,36.0
569,4,0.7757628779619116,85.0,34.0
570,5,0.7474103023695292,100.0,40.0
571,5,0.7612828759602265,115.0,46.0
572,5,0.7474103023695292,100.0,40.0
573,5,0.7474103023695292,100.0,40.0
574,4,0.7842994633277652,90.0,36.0
575,5,0.7542395706622121,105.0,42.0
576,5,0.7681121442529094,120.0,48.0
577,5,0.7542395706622121,105.0,42.0
578,5,0.7542395706622121,105.0,42.0
579,4,0.7419999999999999,40.0,16.0
580,5,0.7203999999999999,55.0,22.0
581,5,0.7342725735906972,70.0,28.0
582,5,0.7203999999999999,55.0,22.0
583,5,0.7342725735906972,70.0,28.0
584,5,0.7203999999999999,55.0,22.0
585,5,0.7342725735906972,70.0,28.0
586,5,0.7474103023695291,100.0,40.0
587,4,0.7505365853658535,45.0,18.0
588,5,0.7272292682926829,60.0,24.0
589,5,0.7411018418833801,75.0,30.0
590,5,0.7272292682926829,60.0,24.0
591,5,0.7411018418833801,75.0,30.0
592,5,0.7272292682926829,60.0,24.0
593,5,0.7411018418833801,75.0,30.0
594,5,0.754239570662212,105.0,42.0
595,4,0.7593407169883716,55.0,22.0
596,5,0.7342725735906972,70.0,28.0
597,5,0.7481451471813945,85.0,34.0
598,5,0.7342725735906972,70.0,28.0
599,5,0.7481451471813945,85.0,34.0
600,5,0.7342725735906972,70.0,28.0
601,5,0.7481451471813945,85.0,34.0
602,4,0.7678773023542252,60.0,24.0
603,5,0.7411018418833801,75.0,30.0
604,5,0.7549744154740774,90.0,36.0
605,5,0.7411018418833801,75.0,30.0
606,5,0.7549744154740774,90.0,36.0
607,5,0.7411018418833801,75.0,30.0
608,5,0.7549744154740774,90.0,36.0
609,4,0.7757628779619116,85.0,34.0
610,5,0.7474103023695292,100.0,40.0
611,5,0.7612828759602265,115.0,46.0
612,5,0.7474103023695292,100.0,40.0
613,5,0.7474103023695292,100.0,40.0
614,4,0.7842994633277652,90.0,36.0
615,5,0.7542395706622121,105.0,42.0
616,5,0.7681121442529094,120.0,48.0
617,5,0.7542395706622121,105.0,42.0
618,5,0.7542395706622121,105.0,42.0
619,4,0.7419999999999999,40.0,16.0
620,5,0.7203999999999999,55.0,22.0
621,5,0.7342725735906972,70.0,28.0
622,5,0.7203999999999999,55.0,22.0
623,5,0.7342725735906972,70.0,28.0
624,5,0.7203999999999999,55.0,22.0
625,5,0.7342725735906972,70.0,28.0
626,5,0.7474103023695291,100.0,40.0
627,4,0.7505365853658535,45.0,18.0
628,5,0.7272292682926829,60.0,24.0
629,5,0.7411018418833801,75.0,30.0
630,5,0.7272292682926829,60.0,24.0
631,5,0.7411018418833801,75.0,30.0
632,5,0.7272292682926829,60.0,24.0
633,5,0.7411018418833801,75.0,30.0
634,5,0.754239570662212,105.0,42.0
635,4,0.7593407169883716,55.0,22.0
636,5,0.7342725735906972,70.0,28.0
637,5,0.7481451471813945,85.0,34.0
638,5,0.7342725735906972,70.0,28.0
639,5,0.7481451471813945,85.0,34.0
640,5,0.7342725735906972,70.0,28.0
641,5,0.7481451471813945,85.0,34.0
642,5,0.7612828759602265,115.0,46.0
643,4,0.7678773023542252,60.0,24.0
644,5,0.7411018418833801,75.0,30.0
645,5,0.7549744154740774,90.0,36.0
646,5,0.7411018418833801,75.0,30.0
647,5,0.7549744154740774,90.0,36.0
648,5,0.7411018418833801,75.0,30.0
649,5,0.7549744154740774,90.0,36.0
650,5,0.7681121442529094,120.0,48.0
651,4,0.7757628779619116,85.0,34.0
652,5,0.7474103023695292,100.0,40.0
653,5,0.7612828759602265,115.0,46.0
654,5,0.7474103023695292,100.0,40.0
655,5,0.7612828759602265,115.0,46.0
656,5,0.7474103023695292,100.0,40.0
657,5,0.7612828759602265,115.0,46.0
658,5,0.7744206047390585,145.0,58.0
659,4,0.7842994633277652,90.0,36.0
660,5,0.7542395706622121,105.0,42.0
661,5,0.7681121442529094,120.0,48.0
662,5,0.7542395706622121,105.0,42.0
663,5,0.7681121442529094,120.0,48.0
664,5,0.7542395706622121,105.0,42.0
665,5,0.7681121442529094,120.0,48.0
666,5,0.7812498730317414,150.0,60.0
667,3,0.7893821138211381,30.0,12.0
668,4,0.7505365853658535,45.0,18.0
669,4,0.7678773023542251,60.0,24.0
670,4,0.7505365853658535,45.0,18.0
671,4,0.7678773023542251,60.0,24.0
672,4,0.7505365853658535,45.0,18.0
673,4,0.7678773023542251,60.0,24.0
674,4,0.7842994633277651,90.0,36.0
675,3,0.8007642276422763,35.0,14.0
676,4,0.7590731707317072,50.0,20.0
677,4,0.7764138877200788,65.0,26.0
678,4,0.7590731707317072,50.0,20.0
679,4,0.7764138877200788,65.0,26.0
680,4,0.7590731707317072,50.0,20.0
681,4,0.7764138877200788,65.0,26.0
682,4,0.7928360486936188,95.0,38.0
683,3,0.8105165649035561,45.0,18.0
684,4,0.766387423677667,60.0,24.0
685,4,0.7837281406660386,75.0,30.0
686,4,0.766387423677667,60.0,24.0
687,4,0.7837281406660386,75.0,30.0
688,4,0.766387423677667,60.0,24.0
689,4,0.7837281406660386,75.0,30.0
690,4,0.8001503016395786,105.0,42.0
691,4,0.7505365853658535,45.0,18.0
692,5,0.7272292682926829,60.0,24.0
693,5,0.7411018418833801,75.0,30.0
694,5,0.7272292682926829,60.0,24.0
695,5,0.7411018418833801,75.0,30.0
696,5,0.7272292682926829,60.0,24.0
697,5,0.7411018418833801,75.0,30.0
698,5,0.754239570662212,105.0,42.0
699,4,0.7590731707317072,50.0,20.0
700,5,0.7340585365853658,65.0,26.0
701,5,0.7479311101760631,80.0,32.0
702,5,0.7340585365853658,65.0,26.0
703,5,0.7479311101760631,80.0,32.0
704,5,0.7340585365853658,65.0,26.0
705,5,0.7479311101760631,80.0,32.0
706,5,0.761068838954895,110.0,44.0
707,4,0.7663874236776669,60.0,24.0
708,5,0.7399099389421335,75.0,30.0
709,5,0.7537825125328308,90.0,36.0
710,5,0.7399099389421335,75.0,30.0
711,5,0.7537825125328308,90.0,36.0
712,5,0.7399099389421335,75.0,30.0
713,5,0.7537825125328308,90.0,36.0
714,5,0.7669202413116627,120.0,48.0
715,4,0.7678773023542252,60.0,24.0
716,5,0.7411018418833801,75.0,30.0
717,5,0.7549744154740774,90.0,36.0
718,5,0.7411018418833801,75.0,30.0
719,5,0.7549744154740774,90.0,36.0
720,5,0.7411018418833801,75.0,30.0
721,5,0.7549744154740774,90.0,36.0
722,4,0.7764138877200789,65.0,26.0
723,5,0.7479311101760631,80.0,32.0
724,5,0.7618036837667603,95.0,38.0
725,5,0.7479311101760631,80.0,32.0
726,5,0.7618036837667603,95.0,38.0
727,5,0.7479311101760631,80.0,32.0
728,5,0.7618036837667603,95.0,38.0
729,4,0.7837281406660386,75.0,30.0
730,5,0.7537825125328308,90.0,36.0
731,5,0.7676550861235281,105.0,42.0
732,5,0.7537825125328308,90.0,36.0
733,5,0.7676550861235281,105.0,42.0
734,5,0.7537825125328308,90.0,36.0
735,5,0.7676550861235281,105.0,42.0
736,4,0.7842994633277652,90.0,36.0
737,5,0.7542395706622121,105.0,42.0
738,5,0.7681121442529094,120.0,48.0
739,5,0.7542395706622121,105.0,42.0
740,5,0.7542395706622121,105.0,42.0
741,4,0.7928360486936189,95.0,38.0
742,5,0.7610688389548951,110.0,44.0
743,5,0.7749414125455923,125.0,50.0
744,5,0.7610688389548951,110.0,44.0
745,5,0.7610688389548951,110.0,44.0
746,4,0.8001503016395786,105.0,42.0
747,5,0.7669202413116628,120.0,48.0
748,5,0.7807928149023601,135.0,54.0
749,5,0.7669202413116628,120.0,48.0
750,5,0.7669202413116628,120.0,48.0
751,4,0.7505365853658535,45.0,18.0
752,5,0.7272292682926829,60.0,24.0
753,5,0.7411018418833801,75.0,30.0
754,5,0.7272292682926829,60.0,24.0
755,5,0.7411018418833801,75.0,30.0
756,5,0.7272292682926829,60.0,24.0
757,5,0.7411018418833801,75.0,30.0
758,5,0.754239570662212,105.0,42.0
759,4,0.7590731707317072,50.0,20.0
760,5,0.7340585365853658,65.0,26.0
761,5,0.7479311101760631,80.0,32.0
762,5,0.7340585365853658,65.0,26.0
763,5,0.7479311101760631,80.0,32.0
764,5,0.7340585365853658,65.0,26.0
765,5,0.7479311101760631,80.0,32.0
766,5,0.761068838954895,110.0,44.0
767,4,0.7663874236776669,60.0,24.0
768,5,0.7399099389421335,75.0,30.0
769,5,0.7537825125328308,90.0,36.0
770,5,0.7399099389421335,75.0,30.0
771,5,0.7537825125328308,90.0,36.0
772,5,0.7399099389421335,75.0,30.0
773,5,0.7537825125328308,90.0,36.0
774,5,0.7669202413116627,120.0,48.0
775,4,0.7678773023542252,60.0,24.0
776,5,0.7411018418833801,75.0,30.0
777,5,0.7549744154740774,90.0,36.0
778,5,0.7411018418833801,75.0,30.0
779,5,0.7549744154740774,90.0,36.0
780,5,0.7411018418833801,75.0,30.0
781,5,0.7549744154740774,90.0,36.0
782,4,0.7764138877200789,65.0,26.0
783,5,0.7479311101760631,80.0,32.0
784,5,0.7618036837667603,95.0,38.0
785,5,0.7479311101760631,80.0,32.0
786,5,0.7618036837667603,95.0,38.0
787,5,0.7479311101760631,80.0,32.0
788,5,0.7618036837667603,95.0,38.0
789,4,0.7837281406660386,75.0,30.0
790,5,0.7537825125328308,90.0,36.0
791,5,0.7676550861235281,105.0,42.0
792,5,0.7537825125328308,90.0,36.0
793,5,0.7676550861235281,105.0,42.0
794,5,0.7537825125328308,90.0,36.0
795,5,0.7676550861235281,105.0,42.0
796,4,0.7842994633277652,90.0,36.0
797,5,0.7542395706622121,105.0,42.0
798,5,0.7681121442529094,120.0,48.0
799,5,0.7542395706622121,105.0,42.0
800,5,0.7542395706622121,105.0,42.0
801,4,0.7928360486936189,95.0,38.0
802,5,0.7610688389548951,110.0,44.0
803,5,0.7749414125455923,125.0,50.0
804,5,0.7610688389548951,110.0,44.0
805,5,0.7610688389548951,110.0,44.0
806,4,0.7505365853658535,45.0,18.0
807,5,0.7272292682926829,60.0,24.0
808,5,0.7411018418833801,75.0,30.0
809,5,0.7272292682926829,60.0,24.0
810,5,0.7411018418833801,75.0,30.0
811,5,0.7272292682926829,60.0,24.0
812,5,0.7411018418833801,75.0,30.0
813,5,0.754239570662212,105.0,42.0
814,4,0.7590731707317072,50.0,20.0
815,5,0.7340585365853658,65.0,26.0
816,5,0.7479311101760631,80.0,32.0
817,5,0.7340585365853658,65.0,26.0
818,5,0.7479311101760631,80.0,32.0
819,5,0.7340585365853658,65.0,26.0
820,5,0.7479311101760631,80.0,32.0
821,5,0.761068838954895,110.0,44.0
822,4,0.7663874236776669,60.0,24.0
823,5,0.7399099389421335,75.0,30.0
824,5,0.7537825125328308,90.0,36.0
825,5,0.7399099389421335,75.0,30.0
826,5,0.7537825125328308,90.0,36.0
827,5,0.7399099389421335,75.0,30.0
828,5,0.7537825125328308,90.0,36.0
829,5,0.7669202413116627,120.0,48.0
830,4,0.7678773023542252,60.0,24.0
831,5,0.7411018418833801,75.0,30.0
832,5,0.7549744154740774,90.0,36.0
833,5,0.7411018418833801,75.0,30.0
834,5,0.7549744154740774,90.0,36.0
835,5,0.7411018418833801,75.0,30.0
836,5,0.7549744154740774,90.0,36.0
837,5,0.7681121442529094,120.0,48.0
838,4,0.7764138877200789,65.0,26.0
839,5,0.7479311101760631,80.0,32.0
840,5,0.7618036837667603,95.0,38.0
841,5,0.7479311101760631,80.0,32.0
842,5,0.7618036837667603,95.0,38.0
843,5,0.7479311101760631,80.0,32.0
844,5,0.7618036837667603,95.0,38.0
845,5,0.7749414125455923,125.0,50.0
846,4,0.7837281406660386,75.0,30.0
847,5,0.7537825125328308,90.0,36.0
848,5,0.7676550861235281,105.0,42.0
849,5,0.7537825125328308,90.0,36.0
850,5,0.7676550861235281,105.0,42.0
851,5,0.7537825125328308,90.0,36.0
852,5,0.7676550861235281,105.0,42.0
853,5,0.7807928149023601,135.0,54.0
854,4,0.7842994633277652,90.0,36.0
855,5,0.7542395706622121,105.0,42.0
856,5,0.7681121442529094,120.0,48.0
857,5,0.7542395706622121,105.0,42.0
858,5,0.7681121442529094,120.0,48.0
859,5,0.7542395706622121,105.0,42.0
860,5,0.7681121442529094,120.0,48.0
861,5,0.7812498730317414,150.0,60.0
862,4,0.7928360486936189,95.0,38.0
863,5,0.7610688389548951,110.0,44.0
864,5,0.7749414125455923,125.0,50.0
865,5,0.7610688389548951,110.0,44.0
866,5,0.7749414125455923,125.0,50.0
867,5,0.7610688389548951,110.0,44.0
868,5,0.7749414125455923,125.0,50.0
869,5,0.7880791413244244,155.0,62.0
870,3,0.8105165649035561,45.0,18.0
871,4,0.766387423677667,60.0,24.0
872,4,0.766387423677667,60.0,24.0
873,4,0.7837281406660386,75.0,30.0
874,4,0.766387423677667,60.0,24.0
875,4,0.7837281406660386,75.0,30.0
876,4,0.8001503016395786,105.0,42.0
877,4,0.766387423677667,60.0,24.0
878,5,0.7399099389421335,75.0,30.0
879,5,0.7399099389421335,75.0,30.0
880,5,0.7537825125328308,90.0,36.0
881,5,0.7399099389421335,75.0,30.0
882,5,0.7537825125328308,90.0,36.0
883,5,0.7669202413116628,120.0,48.0
884,4,0.7837281406660386,75.0,30.0
885,5,0.7537825125328308,90.0,36.0
886,5,0.7537825125328308,90.0,36.0
887,5,0.7676550861235281,105.0,42.0
888,5,0.7537825125328308,90.0,36.0
889,5,0.7676550861235281,105.0,42.0
890,4,0.8001503016395786,105.0,42.0
891,5,0.7669202413116628,120.0,48.0
892,5,0.7669202413116628,120.0,48.0
893,5,0.7669202413116628,120.0,48.0
894,4,0.766387423677667,60.0,24.0
895,5,0.7399099389421335,75.0,30.0
896,5,0.7399099389421335,75.0,30.0
897,5,0.7537825125328308,90.0,36.0
898,5,0.7399099389421335,75.0,30.0
899,5,0.7537825125328308,90.0,36.0
900,5,0.7669202413116628,120.0,48.0
901,4,0.7837281406660386,75.0,30.0
902,5,0.7537825125328308,90.0,36.0
903,5,0.7537825125328308,90.0,36.0
904,5,0.7676550861235281,105.0,42.0
905,5,0.7537825125328308,90.0,36.0
906,5,0.7676550861235281,105.0,42.0
907,4,0.8001503016395786,105.0,42.0
908,5,0.7669202413116628,120.0,48.0
909,5,0.7669202413116628,120.0,48.0
910,5,0.7669202413116628,120.0,48.0
911,4,0.766387423677667,60.0,24.0
912,5,0.7399099389421335,75.0,30.0
913,5,0.7399099389421335,75.0,30.0
914,5,0.7537825125328308,90.0,36.0
915,5,0.7399099389421335,75.0,30.0
916,5,0.7537825125328308,90.0,36.0
917,5,0.7669202413116628,120.0,48.0
918,4,0.7837281406660386,75.0,30.0
919,5,0.7537825125328308,90.0,36.0
920,5,0.7537825125328308,90.0,36.0
921,5,0.7676550861235281,105.0,42.0
922,5,0.7537825125328308,90.0,36.0
923,5,0.7676550861235281,105.0,42.0
924,5,0.7807928149023601,135.0,54.0
925,4,0.8001503016395786,105.0,42.0
926,5,0.7669202413116628,120.0,48.0
927,5,0.7669202413116628,120.0,48.0
928,5,0.7807928149023601,135.0,54.0
929,5,0.7669202413116628,120.0,48.0
930,5,0.7807928149023601,135.0,54.0
931,5,0.7939305436811921,165.0,66.0
932,3,0.8011209559844955,40.0,16.0
933,4,0.7593407169883716,55.0,22.0
934,4,0.7766814339767432,70.0,28.0
935,4,0.7593407169883716,55.0,22.0
936,4,0.7766814339767432,70.0,28.0
937,4,0.7593407169883716,55.0,22.0
938,4,0.7766814339767432,70.0,28.0
939,4,0.7931035949502832,100.0,40.0
940,3,0.8125030698056337,45.0,18.0
941,4,0.7678773023542252,60.0,24.0
942,4,0.7852180193425968,75.0,30.0
943,4,0.7678773023542252,60.0,24.0
944,4,0.7852180193425968,75.0,30.0
945,4,0.7678773023542252,60.0,24.0
946,4,0.7852180193425968,75.0,30.0
947,4,0.8016401803161368,105.0,42.0
948,4,0.7593407169883716,55.0,22.0
949,5,0.7342725735906972,70.0,28.0
950,5,0.7481451471813945,85.0,34.0
951,5,0.7342725735906972,70.0,28.0
952,5,0.7481451471813945,85.0,34.0
953,5,0.7342725735906972,70.0,28.0
954,5,0.7481451471813945,85.0,34.0
955,5,0.7612828759602265,115.0,46.0
956,4,0.7678773023542252,60.0,24.0
957,5,0.7411018418833801,75.0,30.0
958,5,0.7549744154740774,90.0,36.0
959,5,0.7411018418833801,75.0,30.0
960,5,0.7549744154740774,90.0,36.0
961,5,0.7411018418833801,75.0,30.0
962,5,0.7549744154740774,90.0,36.0
963,5,0.7681121442529094,120.0,48.0
964,4,0.7766814339767432,70.0,28.0
965,5,0.7481451471813945,85.0,34.0
966,5,0.7620177207720917,100.0,40.0
967,5,0.7481451471813945,85.0,34.0
968,5,0.7620177207720917,100.0,40.0
969,5,0.7481451471813945,85.0,34.0
970,5,0.7620177207720917,100.0,40.0
971,4,0.7852180193425968,75.0,30.0
972,5,0.7549744154740774,90.0,36.0
973,5,0.7688469890647747,105.0,42.0
974,5,0.7549744154740774,90.0,36.0
975,5,0.7688469890647747,105.0,42.0
976,5,0.7549744154740774,90.0,36.0
977,5,0.7688469890647747,105.0,42.0
978,4,0.7931035949502832,100.0,40.0
979,5,0.7612828759602265,115.0,46.0
980,5,0.7751554495509237,130.0,52.0
981,5,0.7612828759602265,115.0,46.0
982,5,0.7612828759602265,115.0,46.0
983,4,0.8016401803161368,105.0,42.0
984,5,0.7681121442529094,120.0,48.0
985,5,0.7819847178436067,135.0,54.0
986,5,0.7681121442529094,120.0,48.0
987,5,0.7681121442529094,120.0,48.0
988,4,0.7593407169883716,55.0,22.0
989,5,0.7342725735906972,70.0,28.0
990,5,0.7481451471813945,85.0,34.0
991,5,0.7342725735906972,70.0,28.0
992,5,0.7481451471813945,85.0,34.0
993,5,0.7342725735906972,70.0,28.0
994,5,0.7481451471813945,85.0,34.0
995,5,0.7612828759602265,115.0,46.0
996,4,0.7678773023542252,60.0,24.0
997,5,0.7411018418833801,75.0,30.0
998,5,0.7549744154740774,90.0,36.0
999,5,0.7411018418833801,75.0,30.0
1000,5,0.7549744154740774,90.0,36.0
1001,5,0.7411018418833801,75.0,30.0
1002,5,0.7549744154740774,90.0,36.0
1003,5,0.7681121442529094,120.0,48.0
1004,4,0.7766814339767432,70.0,28.0
1005,5,0.7481451471813945,85.0,34.0
1006,5,0.7620177207720917,100.0,40.0
1007,5,0.7481451471813945,85.0,34.0
1008,5,0.7620177207720917,100.0,40.0
1009,5,0.7481451471813945,85.0,34.0
1010,5,0.7620177207720917,100.0,40.0
1011,4,0.7852180193425968,75.0,30.0
1012,5,0.7549744154740774,90.0,36.0
1013,5,0.7688469890647747,105.0,42.0
1014,5,0.7549744154740774,90.0,36.0
1015,5,0.7688469890647747,105.0,42.0
1016,5,0.7549744154740774,90.0,36.0
1017,5,0.7688469890647747,105.0,42.0
1018,4,0.7931035949502832,100.0,40.0
1019,5,0.7612828759602265,115.0,46.0
1020,5,0.7751554495509237,130.0,52.0
1021,5,0.7612828759602265,115.0,46.0
1022,5,0.7612828759602265,115.0,46.0
1023,4,0.8016401803161368,105.0,42.0
1024,5,0.7681121442529094,120.0,48.0
1025,5,0.7819847178436067,135.0,54.0
1026,5,0.7681121442529094,120.0,48.0
1027,5,0.7681121442529094,120.0,48.0
1028,4,0.7593407169883716,55.0,22.0
1029,5,0.7342725735906972,70.0,28.0
1030,5,0.7481451471813945,85.0,34.0
1031,5,0.7342725735906972,70.0,28.0
1032,5,0.7481451471813945,85.0,34.0
1033,5,0.7342725735906972,70.0,28.0
1034,5,0.7481451471813945,85.0,34.0
1035,5,0.7612828759602265,115.0,46.0
1036,4,0.7678773023542252,60.0,24.0
1037,5,0.7411018418833801,75.0,30.0
1038,5,0.7549744154740774,90.0,36.0
1039,5,0.7411018418833801,75.0,30.0
1040,5,0.7549744154740774,90.0,36.0
1041,5,0.7411018418833801,75.0,30.0
1042,5,0.7549744154740774,90.0,36.0
1043,5,0.7681121442529094,120.0,48.0
1044,4,0.7766814339767432,70.0,28.0
1045,5,0.7481451471813945,85.0,34.0
1046,5,0.7620177207720917,100.0,40.0
1047,5,0.7481451471813945,85.0,34.0
1048,5,0.7620177207720917,100.0,40.0
1049,5,0.7481451471813945,85.0,34.0
1050,5,0.7620177207720917,100.0,40.0
1051,5,0.7751554495509237,130.0,52.0
1052,4,0.7852180193425968,75.0,30.0
1053,5,0.7549744154740774,90.0,36.0
1054,5,0.7688469890647747,105.0,42.0
1055,5,0.7549744154740774,90.0,36.0
1056,5,0.7688469890647747,105.0,42.0
1057,5,0.7549744154740774,90.0,36.0
1058,5,0.7688469890647747,105.0,42.0
1059,5,0.7819847178436067,135.0,54.0
1060,4,0.7931035949502832,100.0,40.0
1061,5,0.7612828759602265,115.0,46.0
1062,5,0.7751554495509237,130.0,52.0
1063,5,0.7612828759602265,115.0,46.0
1064,5,0.7751554495509237,130.0,52.0
1065,5,0.7612828759602265,115.0,46.0
1066,5,0.7751554495509237,130.0,52.0
1067,5,0.7882931783297558,160.0,64.0
1068,4,0.8016401803161368,105.0,42.0
1069,5,0.7681121442529094,120.0,48.0
1070,5,0.7819847178436067,135.0,54.0
1071,5,0.7681121442529094,120.0,48.0
1072,5,0.7819847178436067,135.0,54.0
1073,5,0.7681121442529094,120.0,48.0
1074,5,0.7819847178436067,135.0,54.0
1075,5,0.7951224466224387,165.0,66.0
1076,3,0.8125030698056337,45.0,18.0
1077,4,0.7678773023542252,60.0,24.0
1078,4,0.7852180193425968,75.0,30.0
1079,4,0.7678773023542252,60.0,24.0
1080,4,0.7852180193425968,75.0,30.0
1081,4,0.7678773023542252,60.0,24.0
1082,4,0.7852180193425968,75.0,30.0
1083,4,0.8016401803161368,105.0,42.0
1084,3,0.8238851836267719,50.0,20.0
1085,4,0.7764138877200789,65.0,26.0
1086,4,0.7937546047084505,80.0,32.0
1087,4,0.7764138877200789,65.0,26.0
1088,4,0.7937546047084505,80.0,32.0
1089,4,0.7764138877200789,65.0,26.0
1090,4,0.7937546047084505,80.0,32.0
1091,4,0.8101767656819905,110.0,44.0
1092,3,0.8336375208880517,60.0,24.0
1093,4,0.7837281406660387,75.0,30.0
1094,4,0.8010688576544103,90.0,36.0
1095,4,0.7837281406660387,75.0,30.0
1096,4,0.8010688576544103,90.0,36.0
1097,4,0.7837281406660387,75.0,30.0
1098,4,0.8010688576544103,90.0,36.0
1099,4,0.8174910186279503,120.0,48.0
1100,4,0.7678773023542252,60.0,24.0
1101,5,0.7411018418833801,75.0,30.0
1102,5,0.7549744154740774,90.0,36.0
1103,5,0.7411018418833801,75.0,30.0
1104,5,0.7549744154740774,90.0,36.0
1105,5,0.7411018418833801,75.0,30.0
1106,5,0.7549744154740774,90.0,36.0
1107,5,0.7681121442529094,120.0,48.0
1108,4,0.7764138877200789,65.0,26.0
1109,5,0.7479311101760631,80.0,32.0
1110,5,0.7618036837667603,95.0,38.0
1111,5,0.7479311101760631,80.0,32.0
1112,5,0.7618036837667603,95.0,38.0
1113,5,0.7479311101760631,80.0,32.0
1114,5,0.7618036837667603,95.0,38.0
1115,5,0.7749414125455923,125.0,50.0
1116,4,0.7837281406660386,75.0,30.0
1117,5,0.7537825125328308,90.0,36.0
1118,5,0.7676550861235281,105.0,42.0
1119,5,0.7537825125328308,90.0,36.0
1120,5,0.7676550861235281,105.0,42.0
1121,5,0.7537825125328308,90.0,36.0
1122,5,0.7676550861235281,105.0,42.0
1123,5,0.7807928149023601,135.0,54.0
1124,4,0.7852180193425968,75.0,30.0
1125,5,0.7549744154740774,90.0,36.0
1126,5,0.7688469890647747,105.0,42.0
1127,5,0.7549744154740774,90.0,36.0
1128,5,0.7688469890647747,105.0,42.0
1129,5,0.7549744154740774,90.0,36.0
1130,5,0.7688469890647747,105.0,42.0
1131,4,0.7937546047084505,80.0,32.0
1132,5,0.7618036837667603,95.0,38.0
1133,5,0.7756762573574576,110.0,44.0
1134,5,0.7618036837667603,95.0,38.0
1135,5,0.7756762573574576,110.0,44.0
1136,5,0.7618036837667603,95.0,38.0
1137,5,0.7756762573574576,110.0,44.0
1138,4,0.8010688576544103,90.0,36.0
1139,5,0.7676550861235282,105.0,42.0
1140,5,0.7815276597142254,120.0,48.0
1141,5,0.7676550861235282,105.0,42.0
1142,5,0.7815276597142254,120.0,48.0
1143,5,0.7676550861235282,105.0,42.0
1144,5,0.7815276597142254,120.0,48.0
1145,4,0.8016401803161368,105.0,42.0
1146,5,0.7681121442529094,120.0,48.0
1147,5,0.7819847178436067,135.0,54.0
1148,5,0.7681121442529094,120.0,48.0
1149,5,0.7681121442529094,120.0,48.0
1150,4,0.8101767656819905,110.0,44.0
1151,5,0.7749414125455923,125.0,50.0
1152,5,0.7888139861362896,140.0,56.0
1153,5,0.7749414125455923,125.0,50.0
1154,5,0.7749414125455923,125.0,50.0
1155,4,0.8174910186279503,120.0,48.0
1156,5,0.7807928149023602,135.0,54.0
1157,5,0.7946653884930575,150.0,60.0
1158,5,0.7807928149023602,135.0,54.0
1159,5,0.7807928149023602,135.0,54.0
1160,4,0.7678773023542252,60.0,24.0
1161,5,0.7411018418833801,75.0,30.0
1162,5,0.7549744154740774,90.0,36.0
1163,5,0.7411018418833801,75.0,30.0
1164,5,0.7549744154740774,90.0,36.0
1165,5,0.7411018418833801,75.0,30.0
1166,5,0.7549744154740774,90.0,36.0
1167,5,0.7681121442529094,120.0,48.0
1168,4,0.7764138877200789,65.0,26.0
1169,5,0.7479311101760631,80.0,32.0
1170,5,0.7618036837667603,95.0,38.0
1171,5,0.7479311101760631,80.0,32.0
1172,5,0.7618036837667603,95.0,38.0
1173,5,0.7479311101760631,80.0,32.0
1174,5,0.7618036837667603,95.0,38.0
1175,5,0.7749414125455923,125.0,50.0
1176,4,0.7837281406660386,75.0,30.0
1177,5,0.7537825125328308,90.0,36.0
1178,5,0.7676550861235281,105.0,42.0
1179,5,0.7537825125328308,90.0,36.0
1180,5,0.7676550861235281,105.0,42.0
1181,5,0.7537825125328308,90.0,36.0
1182,5,0.7676550861235281,105.0,42.0
1183,5,0.7807928149023601,135.0,54.0
1184,4,0.7852180193425968,75.0,30.0
1185,5,0.7549744154740774,90.0,36.0
1186,5,0.7688469890647747,105.0,42.0
1187,5,0.7549744154740774,90.0,36.0
1188,5,0.7688469890647747,105.0,42.0
1189,5,0.7549744154740774,90.0,36.0
1190,5,0.7688469890647747,105.0,42.0
1191,4,0.7937546047084505,80.0,32.0
1192,5,0.7618036837667603,95.0,38.0
1193,5,0.7756762573574576,110.0,44.0
1194,5,0.7618036837667603,95.0,38.0
1195,5,0.7756762573574576,110.0,44.0
1196,5,0.7618036837667603,95.0,38.0
1197,5,0.7756762573574576,110.0,44.0
1198,4,0.8010688576544103,90.0,36.0
1199,5,0.7676550861235282,105.0,42.0
1200,5,0.7815276597142254,120.0,48.0
1201,5,0.7676550861235282,105.0,42.0
1202,5,0.7815276597142254,120.0,48.0
1203,5,0.7676550861235282,105.0,42.0
1204,5,0.7815276597142254,120.0,48.0
1205,4,0.8016401803161368,105.0,42.0
1206,5,0.7681121442529094,120.0,48.0
1207,5,0.7819847178436067,135.0,54.0
1208,5,0.7681121442529094,120.0,48.0
1209,5,0.7681121442529094,120.0,48.0
1210,4,0.8101767656819905,110.0,44.0
1211,5,0.7749414125455923,125.0,50.0
1212,5,0.7888139861362896,140.0,56.0
1213,5,0.7749414125455923,125.0,50.0
1214,5,0.7749414125455923,125.0,50.0
1215,4,0.7678773023542252,60.0,24.0
1216,5,0.7411018418833801,75.0,30.0
1217,5,0.7549744154740774,90.0,36.0
1218,5,0.7411018418833801,75.0,30.0
1219,5,0.7549744154740774,90.0,36.0
1220,5,0.7411018418833801,75.0,30.0
1221,5,0.7549744154740774,90.0,36.0
1222,5,0.7681121442529094,120.0,48.0
1223,4,0.7764138877200789,65.0,26.0
1224,5,0.7479311101760631,80.0,32.0
1225,5,0.7618036837667603,95.0,38.0
1226,5,0.7479311101760631,80.0,32.0
1227,5,0.7618036837667603,95.0,38.0
1228,5,0.7479311101760631,80.0,32.0
1229,5,0.7618036837667603,95.0,38.0
1230,5,0.7749414125455923,125.0,50.0
1231,4,0.7837281406660386,75.0,30.0
1232,5,0.7537825125328308,90.0,36.0
1233,5,0.7676550861235281,105.0,42.0
1234,5,0.7537825125328308,90.0,36.0
1235,5,0.7676550861235281,105.0,42.0
1236,5,0.7537825125328308,90.0,36.0
1237,5,0.7676550861235281,105.0,42.0
1238,5,0.7807928149023601,135.0,54.0
1239,4,0.7852180193425968,75.0,30.0
1240,5,0.7549744154740774,90.0,36.0
1241,5,0.7688469890647747,105.0,42.0
1242,5,0.7549744154740774,90.0,36.0
1243,5,0.7688469890647747,105.0,42.0
1244,5,0.7549744154740774,90.0,36.0
1245,5,0.7688469890647747,105.0,42.0
1246,5,0.7819847178436067,135.0,54.0
1247,4,0.7937546047084505,80.0,32.0
1248,5,0.7618036837667603,95.0,38.0
1249,5,0.7756762573574576,110.0,44.0
1250,5,0.7618036837667603,95.0,38.0
1251,5,0.7756762573574576,110.0,44.0
1252,5,0.7618036837667603,95.0,38.0
1253,5,0.7756762573574576,110.0,44.0
1254,5,0.7888139861362896,140.0,56.0
1255,4,0.8010688576544103,90.0,36.0
1256,5,0.7676550861235282,105.0,42.0
1257,5,0.7815276597142254,120.0,48.0
1258,5,0.7676550861235282,105.0,42.0
1259,5,0.7815276597142254,120.0,48.0
1260,5,0.7676550861235282,105.0,42.0
1261,5,0.7815276597142254,120.0,48.0
1262,5,0.7946653884930575,150.0,60.0
1263,4,0.8016401803161368,105.0,42.0
1264,5,0.7681121442529094,120.0,48.0
1265,5,0.7819847178436067,135.0,54.0
1266,5,0.7681121442529094,120.0,48.0
1267,5,0.7819847178436067,135.0,54.0
1268,5,0.7681121442529094,120.0,48.0
1269,5,0.7819847178436067,135.0,54.0
1270,5,0.7951224466224387,165.0,66.0
1271,4,0.8101767656819905,110.0,44.0
1272,5,0.7749414125455923,125.0,50.0
1273,5,0.7888139861362896,140.0,56.0
1274,5,0.7749414125455923,125.0,50.0
1275,5,0.7888139861362896,140.0,56.0
1276,5,0.7749414125455923,125.0,50.0
1277,5,0.7888139861362896,140.0,56.0
1278,5,0.8019517149151216,170.0,68.0
1279,3,0.8336375208880514,60.0,24.0
1280,4,0.7837281406660386,75.0,30.0
1281,4,0.7837281406660386,75.0,30.0
1282,4,0.8010688576544102,90.0,36.0
1283,4,0.8174910186279502,120.0,48.0
1284,3,0.8433898581493312,70.0,28.0
1285,4,0.8083831106003699,100.0,40.0
1286,4,0.8248052715739099,130.0,52.0
1287,4,0.7837281406660386,75.0,30.0
1288,5,0.7537825125328308,90.0,36.0
1289,5,0.7537825125328308,90.0,36.0
1290,5,0.7676550861235281,105.0,42.0
1291,5,0.7807928149023601,135.0,54.0
1292,4,0.8010688576544102,90.0,36.0
1293,5,0.7676550861235281,105.0,42.0
1294,5,0.7676550861235281,105.0,42.0
1295,5,0.7815276597142253,120.0,48.0
1296,4,0.8083831106003698,100.0,40.0
1297,5,0.7873790620709931,130.0,52.0
1298,4,0.8174910186279503,120.0,48.0
1299,5,0.7807928149023602,135.0,54.0
1300,5,0.7807928149023602,135.0,54.0
1301,4,0.82480527157391,130.0,52.0
1302,4,0.7837281406660386,75.0,30.0
1303,5,0.7537825125328308,90.0,36.0
1304,5,0.7537825125328308,90.0,36.0
1305,5,0.7676550861235281,105.0,42.0
1306,5,0.7807928149023601,135.0,54.0
1307,4,0.8010688576544102,90.0,36.0
1308,5,0.7676550861235281,105.0,42.0
1309,5,0.7676550861235281,105.0,42.0
1310,5,0.7815276597142253,120.0,48.0
1311,4,0.8083831106003698,100.0,40.0
1312,5,0.7873790620709931,130.0,52.0
1313,4,0.8174910186279503,120.0,48.0
1314,5,0.7807928149023602,135.0,54.0
1315,5,0.7807928149023602,135.0,54.0
1316,4,0.7837281406660386,75.0,30.0
1317,5,0.7537825125328308,90.0,36.0
1318,5,0.7537825125328308,90.0,36.0
1319,5,0.7676550861235281,105.0,42.0
1320,5,0.7807928149023601,135.0,54.0
1321,4,0.8010688576544102,90.0,36.0
1322,5,0.7676550861235281,105.0,42.0
1323,5,0.7676550861235281,105.0,42.0
1324,5,0.7815276597142253,120.0,48.0
1325,5,0.7946653884930573,150.0,60.0
1326,4,0.8083831106003698,100.0,40.0
1327,5,0.7873790620709931,130.0,52.0
1328,5,0.8005167908498251,160.0,64.0
1329,4,0.8174910186279503,120.0,48.0
1330,5,0.7807928149023602,135.0,54.0
1331,5,0.7807928149023602,135.0,54.0
1332,5,0.7946653884930575,150.0,60.0
1333,5,0.8078031172718895,180.0,72.0
1334,3,0.8230171706158821,70.0,28.0
1335,4,0.7757628779619116,85.0,34.0
1336,4,0.7931035949502832,100.0,40.0
1337,4,0.8095257559238231,130.0,52.0
1338,3,0.8343992844370204,75.0,30.0
1339,4,0.7842994633277652,90.0,36.0
1340,4,0.8016401803161368,105.0,42.0
1341,4,0.8180623412896768,135.0,54.0
1342,4,0.7757628779619116,85.0,34.0
1343,5,0.7474103023695292,100.0,40.0
1344,5,0.7612828759602265,115.0,46.0
1345,5,0.7744206047390585,145.0,58.0
1346,4,0.7842994633277652,90.0,36.0
1347,5,0.7542395706622121,105.0,42.0
1348,5,0.7681121442529094,120.0,48.0
1349,5,0.7812498730317414,150.0,60.0
1350,4,0.7931035949502832,100.0,40.0
1351,5,0.7612828759602265,115.0,46.0
1352,5,0.7751554495509237,130.0,52.0
1353,4,0.8016401803161368,105.0,42.0
1354,5,0.7681121442529094,120.0,48.0
1355,5,0.7819847178436067,135.0,54.0
1356,4,0.8095257559238231,130.0,52.0
1357,5,0.7744206047390585,145.0,58.0
1358,4,0.8180623412896768,135.0,54.0
1359,5,0.7812498730317414,150.0,60.0
1360,4,0.7757628779619116,85.0,34.0
1361,5,0.7474103023695292,100.0,40.0
1362,5,0.7612828759602265,115.0,46.0
1363,5,0.7744206047390585,145.0,58.0
1364,4,0.7842994633277652,90.0,36.0
1365,5,0.7542395706622121,105.0,42.0
1366,5,0.7681121442529094,120.0,48.0
1367,5,0.7812498730317414,150.0,60.0
1368,4,0.7931035949502832,100.0,40.0
1369,5,0.7612828759602265,115.0,46.0
1370,5,0.7751554495509237,130.0,52.0
1371,4,0.8016401803161368,105.0,42.0
1372,5,0.7681121442529094,120.0,48.0
1373,5,0.7819847178436067,135.0,54.0
1374,4,0.8095257559238231,130.0,52.0
1375,5,0.7744206047390585,145.0,58.0
1376,4,0.8180623412896768,135.0,54.0
1377,5,0.7812498730317414,150.0,60.0
1378,4,0.7757628779619116,85.0,34.0
1379,5,0.7474103023695292,100.0,40.0
1380,5,0.7612828759602265,115.0,46.0
1381,5,0.7744206047390585,145.0,58.0
1382,4,0.7842994633277652,90.0,36.0
1383,5,0.7542395706622121,105.0,42.0
1384,5,0.7681121442529094,120.0,48.0
1385,5,0.7812498730317414,150.0,60.0
1386,4,0.7931035949502832,100.0,40.0
1387,5,0.7612828759602265,115.0,46.0
1388,5,0.7751554495509237,130.0,52.0
1389,5,0.7882931783297558,160.0,64.0
1390,4,0.8016401803161368,105.0,42.0
1391,5,0.7681121442529094,120.0,48.0
1392,5,0.7819847178436067,135.0,54.0
1393,5,0.7951224466224387,165.0,66.0
1394,4,0.8095257559238231,130.0,52.0
1395,5,0.7744206047390585,145.0,58.0
1396,5,0.7882931783297558,160.0,64.0
1397,4,0.8180623412896768,135.0,54.0
1398,5,0.7812498730317414,150.0,60.0
1399,5,0.7951224466224387,165.0,66.0
1400,3,0.8343992844370204,75.0,30.0
1401,4,0.7842994633277652,90.0,36.0
1402,4,0.8016401803161368,105.0,42.0
1403,4,0.8180623412896768,135.0,54.0
1404,3,0.8457813982581586,80.0,32.0
1405,4,0.7928360486936189,95.0,38.0
1406,4,0.8101767656819905,110.0,44.0
1407,4,0.8265989266555305,140.0,56.0
1408,3,0.8555337355194382,90.0,36.0
1409,4,0.8001503016395787,105.0,42.0
1410,4,0.8174910186279503,120.0,48.0
1411,4,0.8339131796014903,150.0,60.0
1412,4,0.7842994633277652,90.0,36.0
1413,5,0.7542395706622121,105.0,42.0
1414,5,0.7681121442529094,120.0,48.0
1415,5,0.7812498730317414,150.0,60.0
1416,4,0.7928360486936189,95.0,38.0
1417,5,0.7610688389548951,110.0,44.0
1418,5,0.7749414125455923,125.0,50.0
1419,5,0.7880791413244244,155.0,62.0
1420,4,0.8001503016395786,105.0,42.0
1421,5,0.7669202413116628,120.0,48.0
1422,5,0.7807928149023601,135.0,54.0
1423,5,0.7939305436811921,165.0,66.0
1424,4,0.8016401803161368,105.0,42.0
1425,5,0.7681121442529094,120.0,48.0
1426,5,0.7819847178436067,135.0,54.0
1427,4,0.8101767656819905,110.0,44.0
1428,5,0.7749414125455923,125.0,50.0
1429,5,0.7888139861362896,140.0,56.0
1430,4,0.8174910186279503,120.0,48.0
1431,5,0.7807928149023602,135.0,54.0
1432,5,0.7946653884930575,150.0,60.0
1433,4,0.8180623412896768,135.0,54.0
1434,5,0.7812498730317414,150.0,60.0
1435,4,0.8265989266555305,140.0,56.0
1436,5,0.7880791413244244,155.0,62.0
1437,4,0.8339131796014903,150.0,60.0
1438,5,0.7939305436811922,165.0,66.0
1439,4,0.7842994633277652,90.0,36.0
1440,5,0.7542395706622121,105.0,42.0
1441,5,0.7681121442529094,120.0,48.0
1442,5,0.7812498730317414,150.0,60.0
1443,4,0.7928360486936189,95.0,38.0
1444,5,0.7610688389548951,110.0,44.0
1445,5,0.7749414125455923,125.0,50.0
1446,5,0.7880791413244244,155.0,62.0
1447,4,0.8001503016395786,105.0,42.0
1448,5,0.7669202413116628,120.0,48.0
1449,5,0.7807928149023601,135.0,54.0
1450,5,0.7939305436811921,165.0,66.0
1451,4,0.8016401803161368,105.0,42.0
1452,5,0.7681121442529094,120.0,48.0
1453,5,0.7819847178436067,135.0,54.0
1454,4,0.8101767656819905,110.0,44.0
1455,5,0.7749414125455923,125.0,50.0
1456,5,0.7888139861362896,140.0,56.0
1457,4,0.8174910186279503,120.0,48.0
1458,5,0.7807928149023602,135.0,54.0
1459,5,0.7946653884930575,150.0,60.0
1460,4,0.8180623412896768,135.0,54.0
1461,5,0.7812498730317414,150.0,60.0
1462,4,0.8265989266555305,140.0,56.0
1463,5,0.7880791413244244,155.0,62.0
1464,4,0.7842994633277652,90.0,36.0
1465,5,0.7542395706622121,105.0,42.0
1466,5,0.7681121442529094,120.0,48.0
1467,5,0.7812498730317414,150.0,60.0
1468,4,0.7928360486936189,95.0,38.0
1469,5,0.7610688389548951,110.0,44.0
1470,5,0.7749414125455923,125.0,50.0
1471,5,0.7880791413244244,155.0,62.0
1472,4,0.8001503016395786,105.0,42.0
1473,5,0.7669202413116628,120.0,48.0
1474,5,0.7807928149023601,135.0,54.0
1475,5,0.7939305436811921,165.0,66.0
1476,4,0.8016401803161368,105.0,42.0
1477,5,0.7681121442529094,120.0,48.0
1478,5,0.7819847178436067,135.0,54.0
1479,5,0.7951224466224387,165.0,66.0
1480,4,0.8101767656819905,110.0,44.0
1481,5,0.7749414125455923,125.0,50.0
1482,5,0.7888139861362896,140.0,56.0
1483,5,0.8019517149151216,170.0,68.0
1484,4,0.8174910186279503,120.0,48.0
1485,5,0.7807928149023602,135.0,54.0
1486,5,0.7946653884930575,150.0,60.0
1487,5,0.8078031172718895,180.0,72.0
1488,4,0.8180623412896768,135.0,54.0
1489,5,0.7812498730317414,150.0,60.0
1490,5,0.7951224466224387,165.0,66.0
1491,4,0.8265989266555305,140.0,56.0
1492,5,0.7880791413244244,155.0,62.0
1493,5,0.8019517149151216,170.0,68.0
1494,3,0.7779999999999999,25.0,10.0
1495,4,0.7419999999999999,40.0,16.0
1496,4,0.7593407169883715,55.0,22.0
1497,4,0.7419999999999999,40.0,16.0
1498,4,0.7593407169883715,55.0,22.0
1499,4,0.7419999999999999,40.0,16.0
1500,4,0.7593407169883715,55.0,22.0
1501,4,0.7757628779619115,85.0,34.0
1502,3,0.7893821138211381,30.0,12.0
1503,4,0.7505365853658535,45.0,18.0
1504,4,0.7678773023542251,60.0,24.0
1505,4,0.7505365853658535,45.0,18.0
1506,4,0.7678773023542251,60.0,24.0
1507,4,0.7505365853658535,45.0,18.0
1508,4,0.7678773023542251,60.0,24.0
1509,4,0.7842994633277651,90.0,36.0
1510,4,0.7419999999999999,40.0,16.0
1511,5,0.7203999999999999,55.0,22.0
1512,5,0.7342725735906972,70.0,28.0
1513,5,0.7203999999999999,55.0,22.0
1514,5,0.7342725735906972,70.0,28.0
1515,5,0.7203999999999999,55.0,22.0
1516,5,0.7342725735906972,70.0,28.0
1517,4,0.7505365853658535,45.0,18.0
1518,5,0.7272292682926829,60.0,24.0
1519,5,0.7411018418833801,75.0,30.0
1520,5,0.7272292682926829,60.0,24.0
1521,5,0.7411018418833801,75.0,30.0
1522,5,0.7272292682926829,60.0,24.0
1523,5,0.7411018418833801,75.0,30.0
1524,4,0.7593407169883716,55.0,22.0
1525,5,0.7342725735906972,70.0,28.0
1526,5,0.7481451471813945,85.0,34.0
1527,5,0.7342725735906972,70.0,28.0
1528,5,0.7481451471813945,85.0,34.0
1529,5,0.7342725735906972,70.0,28.0
1530,5,0.7481451471813945,85.0,34.0
1531,4,0.7678773023542252,60.0,24.0
1532,5,0.7411018418833801,75.0,30.0
1533,5,0.7549744154740774,90.0,36.0
1534,5,0.7411018418833801,75.0,30.0
1535,5,0.7549744154740774,90.0,36.0
1536,5,0.7411018418833801,75.0,30.0
1537,5,0.7549744154740774,90.0,36.0
1538,4,0.7757628779619116,85.0,34.0
1539,5,0.7474103023695292,100.0,40.0
1540,5,0.7612828759602265,115.0,46.0
1541,4,0.7842994633277652,90.0,36.0
1542,5,0.7542395706622121,105.0,42.0
1543,5,0.7681121442529094,120.0,48.0
1544,4,0.7419999999999999,40.0,16.0
1545,5,0.7203999999999999,55.0,22.0
1546,5,0.7342725735906972,70.0,28.0
1547,5,0.7203999999999999,55.0,22.0
1548,5,0.7342725735906972,70.0,28.0
1549,5,0.7203999999999999,55.0,22.0
1550,5,0.7342725735906972,70.0,28.0
1551,4,0.7505365853658535,45.0,18.0
1552,5,0.7272292682926829,60.0,24.0
1553,5,0.7411018418833801,75.0,30.0
1554,5,0.7272292682926829,60.0,24.0
1555,5,0.7411018418833801,75.0,30.0
1556,5,0.7272292682926829,60.0,24.0
1557,5,0.7411018418833801,75.0,30.0
1558,4,0.7593407169883716,55.0,22.0
1559,5,0.7342725735906972,70.0,28.0
1560,5,0.7481451471813945,85.0,34.0
1561,5,0.7342725735906972,70.0,28.0
1562,5,0.7481451471813945,85.0,34.0
1563,5,0.7342725735906972,70.0,28.0
1564,5,0.7481451471813945,85.0,34.0
1565,4,0.7678773023542252,60.0,24.0
1566,5,0.7411018418833801,75.0,30.0
1567,5,0.7549744154740774,90.0,36.0
1568,5,0.7411018418833801,75.0,30.0
1569,5,0.7549744154740774,90.0,36.0
1570,5,0.7411018418833801,75.0,30.0
1571,5,0.7549744154740774,90.0,36.0
1572,4,0.7757628779619116,85.0,34.0
1573,5,0.7474103023695292,100.0,40.0
1574,5,0.7612828759602265,115.0,46.0
1575,4,0.7842994633277652,90.0,36.0
1576,5,0.7542395706622121,105.0,42.0
1577,5,0.7681121442529094,120.0,48.0
1578,4,0.7419999999999999,40.0,16.0
1579,5,0.7203999999999999,55.0,22.0
1580,5,0.7342725735906972,70.0,28.0
1581,5,0.7203999999999999,55.0,22.0
1582,5,0.7342725735906972,70.0,28.0
1583,5,0.7203999999999999,55.0,22.0
1584,5,0.7342725735906972,70.0,28.0
1585,5,0.7474103023695291,100.0,40.0
1586,4,0.7505365853658535,45.0,18.0
1587,5,0.7272292682926829,60.0,24.0
1588,5,0.7411018418833801,75.0,30.0
1589,5,0.7272292682926829,60.0,24.0
1590,5,0.7411018418833801,75.0,30.0
1591,5,0.7272292682926829,60.0,24.0
1592,5,0.7411018418833801,75.0,30.0
1593,5,0.754239570662212,105.0,42.0
1594,4,0.7593407169883716,55.0,22.0
1595,5,0.7342725735906972,70.0,28.0
1596,5,0.7481451471813945,85.0,34.0
1597,5,0.7342725735906972,70.0,28.0
1598,5,0.7481451471813945,85.0,34.0
1599,5,0.7342725735906972,70.0,28.0
1600,5,0.7481451471813945,85.0,34.0
1601,5,0.7612828759602265,115.0,46.0
1602,4,0.7678773023542252,60.0,24.0
1603,5,0.7411018418833801,75.0,30.0
1604,5,0.7549744154740774,90.0,36.0
1605,5,0.7411018418833801,75.0,30.0
1606,5,0.7549744154740774,90.0,36.0
1607,5,0.7411018418833801,75.0,30.0
1608,5,0.7549744154740774,90.0,36.0
1609,5,0.7681121442529094,120.0,48.0
1610,4,0.7757628779619116,85.0,34.0
1611,5,0.7474103023695292,100.0,40.0
1612,5,0.7612828759602265,115.0,46.0
1613,5,0.7474103023695292,100.0,40.0
1614,5,0.7612828759602265,115.0,46.0
1615,5,0.7474103023695292,100.0,40.0
1616,5,0.7612828759602265,115.0,46.0
1617,5,0.7744206047390585,145.0,58.0
1618,4,0.7842994633277652,90.0,36.0
1619,5,0.7542395706622121,105.0,42.0
1620,5,0.7681121442529094,120.0,48.0
1621,5,0.7542395706622121,105.0,42.0
1622,5,0.7681121442529094,120.0,48.0
1623,5,0.7542395706622121,105.0,42.0
1624,5,0.7681121442529094,120.0,48.0
1625,5,0.7812498730317414,150.0,60.0
1626,3,0.7893821138211381,30.0,12.0
1627,4,0.7505365853658535,45.0,18.0
1628,4,0.7678773023542251,60.0,24.0
1629,4,0.7505365853658535,45.0,18.0
1630,4,0.7678773023542251,60.0,24.0
1631,4,0.7505365853658535,45.0,18.0
1632,4,0.7678773023542251,60.0,24.0
1633,4,0.7842994633277651,90.0,36.0
1634,3,0.8007642276422763,35.0,14.0
1635,4,0.7590731707317072,50.0,20.0
1636,4,0.7764138877200788,65.0,26.0
1637,4,0.7590731707317072,50.0,20.0
1638,4,0.7764138877200788,65.0,26.0
1639,4,0.7590731707317072,50.0,20.0
1640,4,0.7764138877200788,65.0,26.0
1641,4,0.7928360486936188,95.0,38.0
1642,3,0.8105165649035561,45.0,18.0
1643,4,0.766387423677667,60.0,24.0
1644,4,0.7837281406660386,75.0,30.0
1645,4,0.766387423677667,60.0,24.0
1646,4,0.7837281406660386,75.0,30.0
1647,4,0.766387423677667,60.0,24.0
1648,4,0.7837281406660386,75.0,30.0
1649,4,0.8001503016395786,105.0,42.0
1650,4,0.7505365853658535,45.0,18.0
1651,5,0.7272292682926829,60.0,24.0
1652,5,0.7411018418833801,75.0,30.0
1653,5,0.7272292682926829,60.0,24.0
1654,5,0.7411018418833801,75.0,30.0
1655,5,0.7272292682926829,60.0,24.0
1656,5,0.7411018418833801,75.0,30.0
1657,4,0.7590731707317072,50.0,20.0
1658,5,0.7340585365853658,65.0,26.0
1659,5,0.7479311101760631,80.0,32.0
1660,5,0.7340585365853658,65.0,26.0
1661,5,0.7479311101760631,80.0,32.0
1662,5,0.7340585365853658,65.0,26.0
1663,5,0.7479311101760631,80.0,32.0
1664,4,0.7663874236776669,60.0,24.0
1665,5,0.7399099389421335,75.0,30.0
1666,5,0.7537825125328308,90.0,36.0
1667,5,0.7399099389421335,75.0,30.0
1668,5,0.7537825125328308,90.0,36.0
1669,5,0.7399099389421335,75.0,30.0
1670,5,0.7537825125328308,90.0,36.0
1671,4,0.7678773023542252,60.0,24.0
1672,5,0.7411018418833801,75.0,30.0
1673,5,0.7549744154740774,90.0,36.0
1674,5,0.7411018418833801,75.0,30.0
1675,5,0.7549744154740774,90.0,36.0
1676,5,0.7411018418833801,75.0,30.0
1677,5,0.7549744154740774,90.0,36.0
1678,4,0.7764138877200789,65.0,26.0
1679,5,0.7479311101760631,80.0,32.0
1680,5,0.7618036837667603,95.0,38.0
1681,5,0.7479311101760631,80.0,32.0
1682,5,0.7618036837667603,95.0,38.0
1683,5,0.7479311101760631,80.0,32.0
1684,5,0.7618036837667603,95.0,38.0
1685,4,0.7837281406660386,75.0,30.0
1686,5,0.7537825125328308,90.0,36.0
1687,5,0.7676550861235281,105.0,42.0
1688,5,0.7537825125328308,90.0,36.0
1689,5,0.7676550861235281,105.0,42.0
1690,5,0.7537825125328308,90.0,36.0
1691,5,0.7676550861235281,105.0,42.0
1692,4,0.7842994633277652,90.0,36.0
1693,5,0.7542395706622121,105.0,42.0
1694,5,0.7681121442529094,120.0,48.0
1695,4,0.7928360486936189,95.0,38.0
1696,5,0.7610688389548951,110.0,44.0
1697,5,0.7749414125455923,125.0,50.0
1698,4,0.8001503016395786,105.0,42.0
1699,5,0.7669202413116628,120.0,48.0
1700,5,0.7807928149023601,135.0,54.0
1701,4,0.7505365853658535,45.0,18.0
1702,5,0.7272292682926829,60.0,24.0
1703,5,0.7411018418833801,75.0,30.0
1704,5,0.7272292682926829,60.0,24.0
1705,5,0.7411018418833801,75.0,30.0
1706,5,0.7272292682926829,60.0,24.0
1707,5,0.7411018418833801,75.0,30.0
1708,4,0.7590731707317072,50.0,20.0
1709,5,0.7340585365853658,65.0,26.0
1710,5,0.7479311101760631,80.0,32.0
1711,5,0.7340585365853658,65.0,26.0
1712,5,0.7479311101760631,80.0,32.0
1713,5,0.7340585365853658,65.0,26.0
1714,5,0.7479311101760631,80.0,32.0
1715,4,0.7663874236776669,60.0,24.0
1716,5,0.7399099389421335,75.0,30.0
1717,5,0.7537825125328308,90.0,36.0
1718,5,0.7399099389421335,75.0,30.0
1719,5,0.7537825125328308,90.0,36.0
1720,5,0.7399099389421335,75.0,30.0
1721,5,0.7537825125328308,90.0,36.0
1722,4,0.7678773023542252,60.0,24.0
1723,5,0.7411018418833801,75.0,30.0
1724,5,0.7549744154740774,90.0,36.0
1725,5,0.7411018418833801,75.0,30.0
1726,5,0.7549744154740774,90.0,36.0
1727,5,0.7411018418833801,75.0,30.0
1728,5,0.7549744154740774,90.0,36.0
1729,4,0.7764138877200789,65.0,26.0
1730,5,0.7479311101760631,80.0,32.0
1731,5,0.7618036837667603,95.0,38.0
1732,5,0.7479311101760631,80.0,32.0
1733,5,0.7618036837667603,95.0,38.0
1734,5,0.7479311101760631,80.0,32.0
1735,5,0.7618036837667603,95.0,38.0
1736,4,0.7837281406660386,75.0,30.0
1737,5,0.7537825125328308,90.0,36.0
1738,5,0.7676550861235281,105.0,42.0
1739,5,0.7537825125328308,90.0,36.0
1740,5,0.7676550861235281,105.0,42.0
1741,5,0.7537825125328308,90.0,36.0
1742,5,0.7676550861235281,105.0,42.0
1743,4,0.7842994633277652,90.0,36.0
1744,5,0.7542395706622121,105.0,42.0
1745,5,0.7681121442529094,120.0,48.0
1746,4,0.7928360486936189,95.0,38.0
1747,5,0.7610688389548951,110.0,44.0
1748,5,0.7749414125455923,125.0,50.0
1749,4,0.7505365853658535,45.0,18.0
1750,5,0.7272292682926829,60.0,24.0
1751,5,0.7411018418833801,75.0,30.0
1752,5,0.7272292682926829,60.0,24.0
1753,5,0.7411018418833801,75.0,30.0
1754,5,0.7272292682926829,60.0,24.0
1755,5,0.7411018418833801,75.0,30.0
1756,5,0.754239570662212,105.0,42.0
1757,4,0.7590731707317072,50.0,20.0
1758,5,0.7340585365853658,65.0,26.0
1759,5,0.7479311101760631,80.0,32.0
1760,5,0.7340585365853658,65.0,26.0
1761,5,0.7479311101760631,80.0,32.0
1762,5,0.7340585365853658,65.0,26.0
1763,5,0.7479311101760631,80.0,32.0
1764,5,0.761068838954895,110.0,44.0
1765,4,0.7663874236776669,60.0,24.0
1766,5,0.7399099389421335,75.0,30.0
1767,5,0.7537825125328308,90.0,36.0
1768,5,0.7399099389421335,75.0,30.0
1769,5,0.7537825125328308,90.0,36.0
1770,5,0.7399099389421335,75.0,30.0
1771,5,0.7537825125328308,90.0,36.0
1772,5,0.7669202413116627,120.0,48.0
1773,4,0.7678773023542252,60.0,24.0
1774,5,0.7411018418833801,75.0,30.0
1775,5,0.7549744154740774,90.0,36.0
1776,5,0.7411018418833801,75.0,30.0
1777,5,0.7549744154740774,90.0,36.0
1778,5,0.7411018418833801,75.0,30.0
1779,5,0.7549744154740774,90.0,36.0
1780,5,0.7681121442529094,120.0,48.0
1781,4,0.7764138877200789,65.0,26.0
1782,5,0.7479311101760631,80.0,32.0
1783,5,0.7618036837667603,95.0,38.0
1784,5,0.7479311101760631,80.0,32.0
1785,5,0.7618036837667603,95.0,38.0
1786,5,0.7479311101760631,80.0,32.0
1787,5,0.7618036837667603,95.0,38.0
1788,5,0.7749414125455923,125.0,50.0
1789,4,0.7837281406660386,75.0,30.0
1790,5,0.7537825125328308,90.0,36.0
1791,5,0.7676550861235281,105.0,42.0
1792,5,0.7537825125328308,90.0,36.0
1793,5,0.7676550861235281,105.0,42.0
1794,5,0.7537825125328308,90.0,36.0
1795,5,0.7676550861235281,105.0,42.0
1796,5,0.7807928149023601,135.0,54.0
1797,4,0.7842994633277652,90.0,36.0
1798,5,0.7542395706622121,105.0,42.0
1799,5,0.7681121442529094,120.0,48.0
1800,5,0.7542395706622121,105.0,42.0
1801,5,0.7681121442529094,120.0,48.0
1802,5,0.7542395706622121,105.0,42.0
1803,5,0.7681121442529094,120.0,48.0
1804,5,0.7812498730317414,150.0,60.0
1805,4,0.7928360486936189,95.0,38.0
1806,5,0.7610688389548951,110.0,44.0
1807,5,0.7749414125455923,125.0,50.0
1808,5,0.7610688389548951,110.0,44.0
1809,5,0.7749414125455923,125.0,50.0
1810,5,0.7610688389548951,110.0,44.0
1811,5,0.7749414125455923,125.0,50.0
1812,5,0.7880791413244244,155.0,62.0
1813,3,0.8105165649035561,45.0,18.0
1814,4,0.766387423677667,60.0,24.0
1815,4,0.7837281406660386,75.0,30.0
1816,4,0.766387423677667,60.0,24.0
1817,4,0.7837281406660386,75.0,30.0
1818,4,0.766387423677667,60.0,24.0
1819,4,0.7837281406660386,75.0,30.0
1820,4,0.8001503016395786,105.0,42.0
1821,4,0.766387423677667,60.0,24.0
1822,5,0.7399099389421335,75.0,30.0
1823,5,0.7537825125328308,90.0,36.0
1824,5,0.7399099389421335,75.0,30.0
1825,5,0.7537825125328308,90.0,36.0
1826,5,0.7399099389421335,75.0,30.0
1827,5,0.7537825125328308,90.0,36.0
1828,4,0.7837281406660386,75.0,30.0
1829,5,0.7537825125328308,90.0,36.0
1830,5,0.7676550861235281,105.0,42.0
1831,5,0.7537825125328308,90.0,36.0
1832,5,0.7676550861235281,105.0,42.0
1833,5,0.7537825125328308,90.0,36.0
1834,5,0.7676550861235281,105.0,42.0
1835,4,0.8001503016395786,105.0,42.0
1836,5,0.7669202413116628,120.0,48.0
1837,5,0.7807928149023601,135.0,54.0
1838,4,0.766387423677667,60.0,24.0
1839,5,0.7399099389421335,75.0,30.0
1840,5,0.7537825125328308,90.0,36.0
1841,5,0.7399099389421335,75.0,30.0
1842,5,0.7537825125328308,90.0,36.0
1843,5,0.7399099389421335,75.0,30.0
1844,5,0.7537825125328308,90.0,36.0
1845,4,0.7837281406660386,75.0,30.0
1846,5,0.7537825125328308,90.0,36.0
1847,5,0.7676550861235281,105.0,42.0
1848,5,0.7537825125328308,90.0,36.0
1849,5,0.7676550861235281,105.0,42.0
1850,5,0.7537825125328308,90.0,36.0
1851,5,0.7676550861235281,105.0,42.0
1852,4,0.8001503016395786,105.0,42.0
1853,5,0.7669202413116628,120.0,48.0
1854,5,0.7807928149023601,135.0,54.0
1855,4,0.766387423677667,60.0,24.0
1856,5,0.7399099389421335,75.0,30.0
1857,5,0.7537825125328308,90.0,36.0
1858,5,0.7399099389421335,75.0,30.0
1859,5,0.7537825125328308,90.0,36.0
1860,5,0.7399099389421335,75.0,30.0
1861,5,0.7537825125328308,90.0,36.0
1862,5,0.7669202413116628,120.0,48.0
1863,4,0.7837281406660386,75.0,30.0
1864,5,0.7537825125328308,90.0,36.0
1865,5,0.7676550861235281,105.0,42.0
1866,5,0.7537825125328308,90.0,36.0
1867,5,0.7676550861235281,105.0,42.0
1868,5,0.7537825125328308,90.0,36.0
1869,5,0.7676550861235281,105.0,42.0
1870,5,0.7807928149023601,135.0,54.0
1871,4,0.8001503016395786,105.0,42.0
1872,5,0.7669202413116628,120.0,48.0
1873,5,0.7807928149023601,135.0,54.0
1874,5,0.7669202413116628,120.0,48.0
1875,5,0.7807928149023601,135.0,54.0
1876,5,0.7669202413116628,120.0,48.0
1877,5,0.7807928149023601,135.0,54.0
1878,5,0.7939305436811921,165.0,66.0
1879,3,0.8011209559844955,40.0,16.0
1880,4,0.7593407169883716,55.0,22.0
1881,4,0.7766814339767432,70.0,28.0
1882,4,0.7593407169883716,55.0,22.0
1883,4,0.7766814339767432,70.0,28.0
1884,4,0.7593407169883716,55.0,22.0
1885,4,0.7766814339767432,70.0,28.0
1886,3,0.8125030698056337,45.0,18.0
1887,4,0.7678773023542252,60.0,24.0
1888,4,0.7852180193425968,75.0,30.0
1889,4,0.7678773023542252,60.0,24.0
1890,4,0.7852180193425968,75.0,30.0
1891,4,0.7678773023542252,60.0,24.0
1892,4,0.7852180193425968,75.0,30.0
1893,4,0.7593407169883716,55.0,22.0
1894,5,0.7342725735906972,70.0,28.0
1895,5,0.7481451471813945,85.0,34.0
1896,5,0.7342725735906972,70.0,28.0
1897,5,0.7481451471813945,85.0,34.0
1898,5,0.7342725735906972,70.0,28.0
1899,5,0.7481451471813945,85.0,34.0
1900,4,0.7678773023542252,60.0,24.0
1901,5,0.7411018418833801,75.0,30.0
1902,5,0.7549744154740774,90.0,36.0
1903,5,0.7411018418833801,75.0,30.0
1904,5,0.7549744154740774,90.0,36.0
1905,5,0.7411018418833801,75.0,30.0
1906,5,0.7549744154740774,90.0,36.0
1907,4,0.7766814339767432,70.0,28.0
1908,5,0.7481451471813945,85.0,34.0
1909,5,0.7620177207720917,100.0,40.0
1910,5,0.7481451471813945,85.0,34.0
1911,5,0.7481451471813945,85.0,34.0
1912,4,0.7852180193425968,75.0,30.0
1913,5,0.7549744154740774,90.0,36.0
1914,5,0.7688469890647747,105.0,42.0
1915,5,0.7549744154740774,90.0,36.0
1916,5,0.7549744154740774,90.0,36.0
1917,4,0.7593407169883716,55.0,22.0
1918,5,0.7342725735906972,70.0,28.0
1919,5,0.7481451471813945,85.0,34.0
1920,5,0.7342725735906972,70.0,28.0
1921,5,0.7481451471813945,85.0,34.0
1922,5,0.7342725735906972,70.0,28.0
1923,5,0.7481451471813945,85.0,34.0
1924,4,0.7678773023542252,60.0,24.0
1925,5,0.7411018418833801,75.0,30.0
1926,5,0.7549744154740774,90.0,36.0
1927,5,0.7411018418833801,75.0,30.0
1928,5,0.7549744154740774,90.0,36.0
1929,5,0.7411018418833801,75.0,30.0
1930,5,0.7549744154740774,90.0,36.0
1931,4,0.7766814339767432,70.0,28.0
1932,5,0.7481451471813945,85.0,34.0
1933,5,0.7620177207720917,100.0,40.0
1934,5,0.7481451471813945,85.0,34.0
1935,5,0.7481451471813945,85.0,34.0
1936,4,0.7852180193425968,75.0,30.0
1937,5,0.7549744154740774,90.0,36.0
1938,5,0.7688469890647747,105.0,42.0
1939,5,0.7549744154740774,90.0,36.0
1940,5,0.7549744154740774,90.0,36.0
1941,4,0.7593407169883716,55.0,22.0
1942,5,0.7342725735906972,70.0,28.0
1943,5,0.7481451471813945,85.0,34.0
1944,5,0.7342725735906972,70.0,28.0
1945,5,0.7481451471813945,85.0,34.0
1946,5,0.7342725735906972,70.0,28.0
1947,5,0.7481451471813945,85.0,34.0
1948,4,0.7678773023542252,60.0,24.0
1949,5,0.7411018418833801,75.0,30.0
1950,5,0.7549744154740774,90.0,36.0
1951,5,0.7411018418833801,75.0,30.0
1952,5,0.7549744154740774,90.0,36.0
1953,5,0.7411018418833801,75.0,30.0
1954,5,0.7549744154740774,90.0,36.0
1955,4,0.7766814339767432,70.0,28.0
1956,5,0.7481451471813945,85.0,34.0
1957,5,0.7620177207720917,100.0,40.0
1958,5,0.7481451471813945,85.0,34.0
1959,5,0.7620177207720917,100.0,40.0
1960,5,0.7481451471813945,85.0,34.0
1961,5,0.7620177207720917,100.0,40.0
1962,4,0.7852180193425968,75.0,30.0
1963,5,0.7549744154740774,90.0,36.0
1964,5,0.7688469890647747,105.0,42.0
1965,5,0.7549744154740774,90.0,36.0
1966,5,0.7688469890647747,105.0,42.0
1967,5,0.7549744154740774,90.0,36.0
1968,5,0.7688469890647747,105.0,42.0
1969,4,0.7931035949502832,100.0,40.0
1970,5,0.7612828759602265,115.0,46.0
1971,5,0.7751554495509237,130.0,52.0
1972,5,0.7612828759602265,115.0,46.0
1973,5,0.7751554495509237,130.0,52.0
1974,5,0.7612828759602265,115.0,46.0
1975,5,0.7751554495509237,130.0,52.0
1976,4,0.8016401803161368,105.0,42.0
1977,5,0.7681121442529094,120.0,48.0
1978,5,0.7819847178436067,135.0,54.0
1979,5,0.7681121442529094,120.0,48.0
1980,5,0.7819847178436067,135.0,54.0
1981,5,0.7681121442529094,120.0,48.0
1982,5,0.7819847178436067,135.0,54.0
1983,3,0.8125030698056337,45.0,18.0
1984,4,0.7678773023542252,60.0,24.0
1985,4,0.7852180193425968,75.0,30.0
1986,4,0.7678773023542252,60.0,24.0
1987,4,0.7852180193425968,75.0,30.0
1988,4,0.7678773023542252,60.0,24.0
1989,4,0.7852180193425968,75.0,30.0
1990,3,0.8238851836267719,50.0,20.0
1991,4,0.7764138877200789,65.0,26.0
1992,4,0.7937546047084505,80.0,32.0
1993,4,0.7764138877200789,65.0,26.0
1994,4,0.7937546047084505,80.0,32.0
1995,4,0.7764138877200789,65.0,26.0
1996,4,0.7937546047084505,80.0,32.0
1997,3,0.8336375208880517,60.0,24.0
1998,4,0.7837281406660387,75.0,30.0
1999,4,0.8010688576544103,90.0,36.0
2000,4,0.7837281406660387,75.0,30.0
2001,4,0.8010688576544103,90.0,36.0
2002,4,0.7837281406660387,75.0,30.0
2003,4,0.8010688576544103,90.0,36.0
2004,4,0.7678773023542252,60.0,24.0
2005,5,0.7411018418833801,75.0,30.0
2006,5,0.7549744154740774,90.0,36.0
2007,5,0.7411018418833801,75.0,30.0
2008,5,0.7549744154740774,90.0,36.0
2009,5,0.7411018418833801,75.0,30.0
2010,5,0.7549744154740774,90.0,36.0
2011,4,0.7764138877200789,65.0,26.0
2012,5,0.7479311101760631,80.0,32.0
2013,5,0.7618036837667603,95.0,38.0
2014,5,0.7479311101760631,80.0,32.0
2015,5,0.7618036837667603,95.0,38.0
2016,5,0.7479311101760631,80.0,32.0
2017,5,0.7618036837667603,95.0,38.0
2018,4,0.7837281406660386,75.0,30.0
2019,5,0.7537825125328308,90.0,36.0
2020,5,0.7676550861235281,105.0,42.0
2021,5,0.7537825125328308,90.0,36.0
2022,5,0.7676550861235281,105.0,42.0
2023,5,0.7537825125328308,90.0,36.0
2024,5,0.7676550861235281,105.0,42.0
2025,4,0.7852180193425968,75.0,30.0
2026,5,0.7549744154740774,90.0,36.0
2027,5,0.7688469890647747,105.0,42.0
2028,5,0.7549744154740774,90.0,36.0
2029,5,0.7549744154740774,90.0,36.0
2030,4,0.7937546047084505,80.0,32.0
2031,5,0.7618036837667603,95.0,38.0
2032,5,0.7756762573574576,110.0,44.0
2033,5,0.7618036837667603,95.0,38.0
2034,5,0.7618036837667603,95.0,38.0
2035,4,0.8010688576544103,90.0,36.0
2036,5,0.7676550861235282,105.0,42.0
2037,5,0.7815276597142254,120.0,48.0
2038,5,0.7676550861235282,105.0,42.0
2039,5,0.7676550861235282,105.0,42.0
2040,4,0.7678773023542252,60.0,24.0
2041,5,0.7411018418833801,75.0,30.0
2042,5,0.7549744154740774,90.0,36.0
2043,5,0.7411018418833801,75.0,30.0
2044,5,0.7549744154740774,90.0,36.0
2045,5,0.7411018418833801,75.0,30.0
2046,5,0.7549744154740774,90.0,36.0
2047,4,0.7764138877200789,65.0,26.0
2048,5,0.7479311101760631,80.0,32.0
2049,5,0.7618036837667603,95.0,38.0
2050,5,0.7479311101760631,80.0,32.0
2051,5,0.7618036837667603,95.0,38.0
2052,5,0.7479311101760631,80.0,32.0
2053,5,0.7618036837667603,95.0,38.0
2054,4,0.7837281406660386,75.0,30.0
2055,5,0.7537825125328308,90.0,36.0
2056,5,0.7676550861235281,105.0,42.0
2057,5,0.7537825125328308,90.0,36.0
2058,5,0.7676550861235281,105.0,42.0
2059,5,0.7537825125328308,90.0,36.0
2060,5,0.7676550861235281,105.0,42.0
2061,4,0.7852180193425968,75.0,30.0
2062,5,0.7549744154740774,90.0,36.0
2063,5,0.7688469890647747,105.0,42.0
2064,5,0.7549744154740774,90.0,36.0
2065,5,0.7549744154740774,90.0,36.0
2066,4,0.7937546047084505,80.0,32.0
2067,5,0.7618036837667603,95.0,38.0
2068,5,0.7756762573574576,110.0,44.0
2069,5,0.7618036837667603,95.0,38.0
2070,5,0.7618036837667603,95.0,38.0
2071,4,0.8010688576544103,90.0,36.0
2072,5,0.7676550861235282,105.0,42.0
2073,5,0.7815276597142254,120.0,48.0
2074,5,0.7676550861235282,105.0,42.0
2075,5,0.7676550861235282,105.0,42.0
2076,4,0.7678773023542252,60.0,24.0
2077,5,0.7411018418833801,75.0,30.0
2078,5,0.7549744154740774,90.0,36.0
2079,5,0.7411018418833801,75.0,30.0
2080,5,0.7549744154740774,90.0,36.0
2081,5,0.7411018418833801,75.0,30.0
2082,5,0.7549744154740774,90.0,36.0
2083,4,0.7764138877200789,65.0,26.0
2084,5,0.7479311101760631,80.0,32.0
2085,5,0.7618036837667603,95.0,38.0
2086,5,0.7479311101760631,80.0,32.0
2087,5,0.7618036837667603,95.0,38.0
2088,5,0.7479311101760631,80.0,32.0
2089,5,0.7618036837667603,95.0,38.0
2090,4,0.7837281406660386,75.0,30.0
2091,5,0.7537825125328308,90.0,36.0
2092,5,0.7676550861235281,105.0,42.0
2093,5,0.7537825125328308,90.0,36.0
2094,5,0.7676550861235281,105.0,42.0
2095,5,0.7537825125328308,90.0,36.0
2096,5,0.7676550861235281,105.0,42.0
2097,4,0.7852180193425968,75.0,30.0
2098,5,0.7549744154740774,90.0,36.0
2099,5,0.7688469890647747,105.0,42.0
2100,5,0.7549744154740774,90.0,36.0
2101,5,0.7688469890647747,105.0,42.0
2102,5,0.7549744154740774,90.0,36.0
2103,5,0.7688469890647747,105.0,42.0
2104,4,0.7937546047084505,80.0,32.0
2105,5,0.7618036837667603,95.0,38.0
2106,5,0.7756762573574576,110.0,44.0
2107,5,0.7618036837667603,95.0,38.0
2108,5,0.7756762573574576,110.0,44.0
2109,5,0.7618036837667603,95.0,38.0
2110,5,0.7756762573574576,110.0,44.0
2111,4,0.8010688576544103,90.0,36.0
2112,5,0.7676550861235282,105.0,42.0
2113,5,0.7815276597142254,120.0,48.0
2114,5,0.7676550861235282,105.0,42.0
2115,5,0.7815276597142254,120.0,48.0
2116,5,0.7676550861235282,105.0,42.0
2117,5,0.7815276597142254,120.0,48.0
2118,4,0.8016401803161368,105.0,42.0
2119,5,0.7681121442529094,120.0,48.0
2120,5,0.7819847178436067,135.0,54.0
2121,5,0.7681121442529094,120.0,48.0
2122,5,0.7819847178436067,135.0,54.0
2123,5,0.7681121442529094,120.0,48.0
2124,5,0.7819847178436067,135.0,54.0
2125,4,0.8101767656819905,110.0,44.0
2126,5,0.7749414125455923,125.0,50.0
2127,5,0.7888139861362896,140.0,56.0
2128,5,0.7749414125455923,125.0,50.0
2129,5,0.7888139861362896,140.0,56.0
2130,5,0.7749414125455923,125.0,50.0
2131,5,0.7888139861362896,140.0,56.0
2132,3,0.8336375208880514,60.0,24.0
2133,4,0.7837281406660386,75.0,30.0
2134,4,0.7837281406660386,75.0,30.0
2135,4,0.7837281406660386,75.0,30.0
2136,4,0.8010688576544102,90.0,36.0
2137,3,0.8433898581493312,70.0,28.0
2138,4,0.8083831106003699,100.0,40.0
2139,4,0.7837281406660386,75.0,30.0
2140,5,0.7537825125328308,90.0,36.0
2141,5,0.7537825125328308,90.0,36.0
2142,5,0.7537825125328308,90.0,36.0
2143,5,0.7676550861235281,105.0,42.0
2144,4,0.8010688576544102,90.0,36.0
2145,5,0.7676550861235281,105.0,42.0
2146,5,0.7676550861235281,105.0,42.0
2147,5,0.7676550861235281,105.0,42.0
2148,4,0.8083831106003698,100.0,40.0
2149,4,0.7837281406660386,75.0,30.0
2150,5,0.7537825125328308,90.0,36.0
2151,5,0.7537825125328308,90.0,36.0
2152,5,0.7537825125328308,90.0,36.0
2153,5,0.7676550861235281,105.0,42.0
2154,4,0.8010688576544102,90.0,36.0
2155,5,0.7676550861235281,105.0,42.0
2156,5,0.7676550861235281,105.0,42.0
2157,5,0.7676550861235281,105.0,42.0
2158,4,0.8083831106003698,100.0,40.0
2159,4,0.7837281406660386,75.0,30.0
2160,5,0.7537825125328308,90.0,36.0
2161,5,0.7537825125328308,90.0,36.0
2162,5,0.7537825125328308,90.0,36.0
2163,5,0.7676550861235281,105.0,42.0
2164,4,0.8010688576544102,90.0,36.0
2165,5,0.7676550861235281,105.0,42.0
2166,5,0.7676550861235281,105.0,42.0
2167,5,0.7676550861235281,105.0,42.0
2168,5,0.7815276597142253,120.0,48.0
2169,4,0.8083831106003698,100.0,40.0
2170,5,0.7873790620709931,130.0,52.0
2171,4,0.8174910186279503,120.0,48.0
2172,5,0.7807928149023602,135.0,54.0
2173,5,0.7807928149023602,135.0,54.0
2174,5,0.7807928149023602,135.0,54.0
2175,5,0.7946653884930575,150.0,60.0
2176,3,0.8230171706158821,70.0,28.0
2177,4,0.7757628779619116,85.0,34.0
2178,3,0.8343992844370204,75.0,30.0
2179,4,0.7842994633277652,90.0,36.0
2180,4,0.7757628779619116,85.0,34.0
2181,4,0.7842994633277652,90.0,36.0
2182,4,0.7757628779619116,85.0,34.0
2183,4,0.7842994633277652,90.0,36.0
2184,4,0.7757628779619116,85.0,34.0
2185,5,0.7474103023695292,100.0,40.0
2186,4,0.7842994633277652,90.0,36.0
2187,5,0.7542395706622121,105.0,42.0
2188,4,0.7931035949502832,100.0,40.0
2189,5,0.7612828759602265,115.0,46.0
2190,4,0.8016401803161368,105.0,42.0
2191,5,0.7681121442529094,120.0,48.0
2192,4,0.8095257559238231,130.0,52.0
2193,5,0.7744206047390585,145.0,58.0
2194,4,0.8180623412896768,135.0,54.0
2195,5,0.7812498730317414,150.0,60.0
2196,3,0.8343992844370204,75.0,30.0
2197,4,0.7842994633277652,90.0,36.0
2198,3,0.8457813982581586,80.0,32.0
2199,4,0.7928360486936189,95.0,38.0
2200,3,0.8555337355194382,90.0,36.0
2201,4,0.8001503016395787,105.0,42.0
2202,4,0.7842994633277652,90.0,36.0
2203,4,0.7928360486936189,95.0,38.0
2204,4,0.8001503016395786,105.0,42.0
2205,4,0.7842994633277652,90.0,36.0
2206,4,0.7928360486936189,95.0,38.0
2207,4,0.8001503016395786,105.0,42.0
2208,4,0.7842994633277652,90.0,36.0
2209,5,0.7542395706622121,105.0,42.0
2210,4,0.7928360486936189,95.0,38.0
2211,5,0.7610688389548951,110.0,44.0
2212,4,0.8001503016395786,105.0,42.0
2213,5,0.7669202413116628,120.0,48.0
2214,4,0.8016401803161368,105.0,42.0
2215,5,0.7681121442529094,120.0,48.0
2216,4,0.8101767656819905,110.0,44.0
2217,5,0.7749414125455923,125.0,50.0
2218,4,0.8174910186279503,120.0,48.0
2219,5,0.7807928149023602,135.0,54.0
2220,4,0.8180623412896768,135.0,54.0
2221,5,0.7812498730317414,150.0,60.0
2222,4,0.8265989266555305,140.0,56.0
2223,5,0.7880791413244244,155.0,62.0
2224,3,0.7779999999999999,25.0,10.0
2225,4,0.7419999999999999,40.0,16.0
2226,4,0.7593407169883715,55.0,22.0
2227,4,0.7757628779619115,85.0,34.0
2228,4,0.7419999999999999,40.0,16.0
2229,4,0.7593407169883715,55.0,22.0
2230,4,0.7757628779619115,85.0,34.0
2231,4,0.7419999999999999,40.0,16.0
2232,4,0.7593407169883715,55.0,22.0
2233,4,0.7757628779619115,85.0,34.0
2234,3,0.7893821138211381,30.0,12.0
2235,4,0.7505365853658535,45.0,18.0
2236,4,0.7678773023542251,60.0,24.0
2237,4,0.7842994633277651,90.0,36.0
2238,4,0.7505365853658535,45.0,18.0
2239,4,0.7678773023542251,60.0,24.0
2240,4,0.7842994633277651,90.0,36.0
2241,4,0.7505365853658535,45.0,18.0
2242,4,0.7678773023542251,60.0,24.0
2243,4,0.7842994633277651,90.0,36.0
2244,4,0.7419999999999999,40.0,16.0
2245,5,0.7203999999999999,55.0,22.0
2246,5,0.7342725735906972,70.0,28.0
2247,5,0.7474103023695291,100.0,40.0
2248,5,0.7203999999999999,55.0,22.0
2249,5,0.7342725735906972,70.0,28.0
2250,5,0.7203999999999999,55.0,22.0
2251,5,0.7342725735906972,70.0,28.0
2252,4,0.7505365853658535,45.0,18.0
2253,5,0.7272292682926829,60.0,24.0
2254,5,0.7411018418833801,75.0,30.0
2255,5,0.754239570662212,105.0,42.0
2256,5,0.7272292682926829,60.0,24.0
2257,5,0.7411018418833801,75.0,30.0
2258,5,0.7272292682926829,60.0,24.0
2259,5,0.7411018418833801,75.0,30.0
2260,4,0.7593407169883716,55.0,22.0
2261,5,0.7342725735906972,70.0,28.0
2262,5,0.7481451471813945,85.0,34.0
2263,5,0.7612828759602265,115.0,46.0
2264,5,0.7342725735906972,70.0,28.0
2265,5,0.7481451471813945,85.0,34.0
2266,5,0.7342725735906972,70.0,28.0
2267,5,0.7481451471813945,85.0,34.0
2268,4,0.7678773023542252,60.0,24.0
2269,5,0.7411018418833801,75.0,30.0
2270,5,0.7549744154740774,90.0,36.0
2271,5,0.7681121442529094,120.0,48.0
2272,5,0.7411018418833801,75.0,30.0
2273,5,0.7549744154740774,90.0,36.0
2274,5,0.7411018418833801,75.0,30.0
2275,5,0.7549744154740774,90.0,36.0
2276,4,0.7757628779619116,85.0,34.0
2277,5,0.7474103023695292,100.0,40.0
2278,5,0.7612828759602265,115.0,46.0
2279,5,0.7744206047390585,145.0,58.0
2280,4,0.7842994633277652,90.0,36.0
2281,5,0.7542395706622121,105.0,42.0
2282,5,0.7681121442529094,120.0,48.0
2283,5,0.7812498730317414,150.0,60.0
2284,4,0.7419999999999999,40.0,16.0
2285,5,0.7203999999999999,55.0,22.0
2286,5,0.7342725735906972,70.0,28.0
2287,5,0.7474103023695291,100.0,40.0
2288,5,0.7203999999999999,55.0,22.0
2289,5,0.7342725735906972,70.0,28.0
2290,5,0.7203999999999999,55.0,22.0
2291,5,0.7342725735906972,70.0,28.0
2292,4,0.7505365853658535,45.0,18.0
2293,5,0.7272292682926829,60.0,24.0
2294,5,0.7411018418833801,75.0,30.0
2295,5,0.754239570662212,105.0,42.0
2296,5,0.7272292682926829,60.0,24.0
2297,5,0.7411018418833801,75.0,30.0
2298,5,0.7272292682926829,60.0,24.0
2299,5,0.7411018418833801,75.0,30.0
2300,4,0.7593407169883716,55.0,22.0
2301,5,0.7342725735906972,70.0,28.0
2302,5,0.7481451471813945,85.0,34.0
2303,5,0.7612828759602265,115.0,46.0
2304,5,0.7342725735906972,70.0,28.0
2305,5,0.7481451471813945,85.0,34.0
2306,5,0.7342725735906972,70.0,28.0
2307,5,0.7481451471813945,85.0,34.0
2308,4,0.7678773023542252,60.0,24.0
2309,5,0.7411018418833801,75.0,30.0
2310,5,0.7549744154740774,90.0,36.0
2311,5,0.7681121442529094,120.0,48.0
2312,5,0.7411018418833801,75.0,30.0
2313,5,0.7549744154740774,90.0,36.0
2314,5,0.7411018418833801,75.0,30.0
2315,5,0.7549744154740774,90.0,36.0
2316,4,0.7757628779619116,85.0,34.0
2317,5,0.7474103023695292,100.0,40.0
2318,5,0.7612828759602265,115.0,46.0
2319,5,0.7744206047390585,145.0,58.0
2320,4,0.7842994633277652,90.0,36.0
2321,5,0.7542395706622121,105.0,42.0
2322,5,0.7681121442529094,120.0,48.0
2323,5,0.7812498730317414,150.0,60.0
2324,4,0.7419999999999999,40.0,16.0
2325,5,0.7203999999999999,55.0,22.0
2326,5,0.7342725735906972,70.0,28.0
2327,5,0.7474103023695291,100.0,40.0
2328,5,0.7203999999999999,55.0,22.0
2329,5,0.7342725735906972,70.0,28.0
2330,5,0.7474103023695291,100.0,40.0
2331,5,0.7203999999999999,55.0,22.0
2332,5,0.7342725735906972,70.0,28.0
2333,5,0.7474103023695291,100.0,40.0
2334,4,0.7505365853658535,45.0,18.0
2335,5,0.7272292682926829,60.0,24.0
2336,5,0.7411018418833801,75.0,30.0
2337,5,0.754239570662212,105.0,42.0
2338,5,0.7272292682926829,60.0,24.0
2339,5,0.7411018418833801,75.0,30.0
2340,5,0.754239570662212,105.0,42.0
2341,5,0.7272292682926829,60.0,24.0
2342,5,0.7411018418833801,75.0,30.0
2343,5,0.754239570662212,105.0,42.0
2344,4,0.7593407169883716,55.0,22.0
2345,5,0.7342725735906972,70.0,28.0
2346,5,0.7481451471813945,85.0,34.0
2347,5,0.7612828759602265,115.0,46.0
2348,5,0.7342725735906972,70.0,28.0
2349,5,0.7481451471813945,85.0,34.0
2350,5,0.7612828759602265,115.0,46.0
2351,5,0.7342725735906972,70.0,28.0
2352,5,0.7481451471813945,85.0,34.0
2353,5,0.7612828759602265,115.0,46.0
2354,4,0.7678773023542252,60.0,24.0
2355,5,0.7411018418833801,75.0,30.0
2356,5,0.7549744154740774,90.0,36.0
2357,5,0.7681121442529094,120.0,48.0
2358,5,0.7411018418833801,75.0,30.0
2359,5,0.7549744154740774,90.0,36.0
2360,5,0.7681121442529094,120.0,48.0
2361,5,0.7411018418833801,75.0,30.0
2362,5,0.7549744154740774,90.0,36.0
2363,5,0.7681121442529094,120.0,48.0
2364,4,0.7757628779619116,85.0,34.0
2365,5,0.7474103023695292,100.0,40.0
2366,5,0.7612828759602265,115.0,46.0
2367,5,0.7744206047390585,145.0,58.0
2368,5,0.7474103023695292,100.0,40.0
2369,5,0.7612828759602265,115.0,46.0
2370,5,0.7744206047390585,145.0,58.0
2371,5,0.7474103023695292,100.0,40.0
2372,5,0.7612828759602265,115.0,46.0
2373,5,0.7744206047390585,145.0,58.0
2374,4,0.7842994633277652,90.0,36.0
2375,5,0.7542395706622121,105.0,42.0
2376,5,0.7681121442529094,120.0,48.0
2377,5,0.7812498730317414,150.0,60.0
2378,5,0.7542395706622121,105.0,42.0
2379,5,0.7681121442529094,120.0,48.0
2380,5,0.7812498730317414,150.0,60.0
2381,5,0.7542395706622121,105.0,42.0
2382,5,0.7681121442529094,120.0,48.0
2383,5,0.7812498730317414,150.0,60.0
2384,3,0.7893821138211381,30.0,12.0
2385,4,0.7505365853658535,45.0,18.0
2386,4,0.7678773023542251,60.0,24.0
2387,4,0.7842994633277651,90.0,36.0
2388,4,0.7505365853658535,45.0,18.0
2389,4,0.7678773023542251,60.0,24.0
2390,4,0.7842994633277651,90.0,36.0
2391,4,0.7505365853658535,45.0,18.0
2392,4,0.7678773023542251,60.0,24.0
2393,4,0.7842994633277651,90.0,36.0
2394,3,0.8007642276422763,35.0,14.0
2395,4,0.7590731707317072,50.0,20.0
2396,4,0.7764138877200788,65.0,26.0
2397,4,0.7928360486936188,95.0,38.0
2398,4,0.7590731707317072,50.0,20.0
2399,4,0.7764138877200788,65.0,26.0
2400,4,0.7928360486936188,95.0,38.0
2401,4,0.7590731707317072,50.0,20.0
2402,4,0.7764138877200788,65.0,26.0
2403,4,0.7928360486936188,95.0,38.0
2404,3,0.8105165649035561,45.0,18.0
2405,4,0.766387423677667,60.0,24.0
2406,4,0.7837281406660386,75.0,30.0
2407,4,0.8001503016395786,105.0,42.0
2408,4,0.766387423677667,60.0,24.0
2409,4,0.7837281406660386,75.0,30.0
2410,4,0.8001503016395786,105.0,42.0
2411,4,0.766387423677667,60.0,24.0
2412,4,0.7837281406660386,75.0,30.0
2413,4,0.8001503016395786,105.0,42.0
2414,4,0.7505365853658535,45.0,18.0
2415,5,0.7272292682926829,60.0,24.0
2416,5,0.7411018418833801,75.0,30.0
2417,5,0.754239570662212,105.0,42.0
2418,5,0.7272292682926829,60.0,24.0
2419,5,0.7411018418833801,75.0,30.0
2420,5,0.7272292682926829,60.0,24.0
2421,5,0.7411018418833801,75.0,30.0
2422,4,0.7590731707317072,50.0,20.0
2423,5,0.7340585365853658,65.0,26.0
2424,5,0.7479311101760631,80.0,32.0
2425,5,0.761068838954895,110.0,44.0
2426,5,0.7340585365853658,65.0,26.0
2427,5,0.7479311101760631,80.0,32.0
2428,5,0.7340585365853658,65.0,26.0
2429,5,0.7479311101760631,80.0,32.0
2430,4,0.7663874236776669,60.0,24.0
2431,5,0.7399099389421335,75.0,30.0
2432,5,0.7537825125328308,90.0,36.0
2433,5,0.7669202413116627,120.0,48.0
2434,5,0.7399099389421335,75.0,30.0
2435,5,0.7537825125328308,90.0,36.0
2436,5,0.7399099389421335,75.0,30.0
2437,5,0.7537825125328308,90.0,36.0
2438,4,0.7678773023542252,60.0,24.0
2439,5,0.7411018418833801,75.0,30.0
2440,5,0.7549744154740774,90.0,36.0
2441,5,0.7681121442529094,120.0,48.0
2442,5,0.7411018418833801,75.0,30.0
2443,5,0.7549744154740774,90.0,36.0
2444,5,0.7411018418833801,75.0,30.0
2445,5,0.7549744154740774,90.0,36.0
2446,4,0.7764138877200789,65.0,26.0
2447,5,0.7479311101760631,80.0,32.0
2448,5,0.7618036837667603,95.0,38.0
2449,5,0.7749414125455923,125.0,50.0
2450,5,0.7479311101760631,80.0,32.0
2451,5,0.7618036837667603,95.0,38.0
2452,5,0.7479311101760631,80.0,32.0
2453,5,0.7618036837667603,95.0,38.0
2454,4,0.7837281406660386,75.0,30.0
2455,5,0.7537825125328308,90.0,36.0
2456,5,0.7676550861235281,105.0,42.0
2457,5,0.7807928149023601,135.0,54.0
2458,5,0.7537825125328308,90.0,36.0
2459,5,0.7676550861235281,105.0,42.0
2460,5,0.7537825125328308,90.0,36.0
2461,5,0.7676550861235281,105.0,42.0
2462,4,0.7842994633277652,90.0,36.0
2463,5,0.7542395706622121,105.0,42.0
2464,5,0.7681121442529094,120.0,48.0
2465,5,0.7812498730317414,150.0,60.0
2466,4,0.7928360486936189,95.0,38.0
2467,5,0.7610688389548951,110.0,44.0
2468,5,0.7749414125455923,125.0,50.0
2469,5,0.7880791413244244,155.0,62.0
2470,4,0.8001503016395786,105.0,42.0
2471,5,0.7669202413116628,120.0,48.0
2472,5,0.7807928149023601,135.0,54.0
2473,5,0.7939305436811921,165.0,66.0
2474,4,0.7505365853658535,45.0,18.0
2475,5,0.7272292682926829,60.0,24.0
2476,5,0.7411018418833801,75.0,30.0
2477,5,0.754239570662212,105.0,42.0
2478,5,0.7272292682926829,60.0,24.0
2479,5,0.7411018418833801,75.0,30.0
2480,5,0.7272292682926829,60.0,24.0
2481,5,0.7411018418833801,75.0,30.0
2482,4,0.7590731707317072,50.0,20.0
2483,5,0.7340585365853658,65.0,26.0
2484,5,0.7479311101760631,80.0,32.0
2485,5,0.761068838954895,110.0,44.0
2486,5,0.7340585365853658,65.0,26.0
2487,5,0.7479311101760631,80.0,32.0
2488,5,0.7340585365853658,65.0,26.0
2489,5,0.7479311101760631,80.0,32.0
2490,4,0.7663874236776669,60.0,24.0
2491,5,0.7399099389421335,75.0,30.0
2492,5,0.7537825125328308,90.0,36.0
2493,5,0.7669202413116627,120.0,48.0
2494,5,0.7399099389421335,75.0,30.0
2495,5,0.7537825125328308,90.0,36.0
2496,5,0.7399099389421335,75.0,30.0
2497,5,0.7537825125328308,90.0,36.0
2498,4,0.7678773023542252,60.0,24.0
2499,5,0.7411018418833801,75.0,30.0
2500,5,0.7549744154740774,90.0,36.0
2501,5,0.7681121442529094,120.0,48.0
2502,5,0.7411018418833801,75.0,30.0
2503,5,0.7549744154740774,90.0,36.0
2504,5,0.7411018418833801,75.0,30.0
2505,5,0.7549744154740774,90.0,36.0
2506,4,0.7764138877200789,65.0,26.0
2507,5,0.7479311101760631,80.0,32.0
2508,5,0.7618036837667603,95.0,38.0
2509,5,0.7749414125455923,125.0,50.0
2510,5,0.7479311101760631,80.0,32.0
2511,5,0.7618036837667603,95.0,38.0
2512,5,0.7479311101760631,80.0,32.0
2513,5,0.7618036837667603,95.0,38.0
2514,4,0.7837281406660386,75.0,30.0
2515,5,0.7537825125328308,90.0,36.0
2516,5,0.7676550861235281,105.0,42.0
2517,5,0.7807928149023601,135.0,54.0
2518,5,0.7537825125328308,90.0,36.0
2519,5,0.7676550861235281,105.0,42.0
2520,5,0.7537825125328308,90.0,36.0
2521,5,0.7676550861235281,105.0,42.0
2522,4,0.7842994633277652,90.0,36.0
2523,5,0.7542395706622121,105.0,42.0
2524,5,0.7681121442529094,120.0,48.0
2525,5,0.7812498730317414,150.0,60.0
2526,4,0.7928360486936189,95.0,38.0
2527,5,0.7610688389548951,110.0,44.0
2528,5,0.7749414125455923,125.0,50.0
2529,5,0.7880791413244244,155.0,62.0
2530,4,0.7505365853658535,45.0,18.0
2531,5,0.7272292682926829,60.0,24.0
2532,5,0.7411018418833801,75.0,30.0
2533,5,0.754239570662212,105.0,42.0
2534,5,0.7272292682926829,60.0,24.0
2535,5,0.7411018418833801,75.0,30.0
2536,5,0.754239570662212,105.0,42.0
2537,5,0.7272292682926829,60.0,24.0
2538,5,0.7411018418833801,75.0,30.0
2539,5,0.754239570662212,105.0,42.0
2540,4,0.7590731707317072,50.0,20.0
2541,5,0.7340585365853658,65.0,26.0
2542,5,0.7479311101760631,80.0,32.0
2543,5,0.761068838954895,110.0,44.0
2544,5,0.7340585365853658,65.0,26.0
2545,5,0.7479311101760631,80.0,32.0
2546,5,0.761068838954895,110.0,44.0
2547,5,0.7340585365853658,65.0,26.0
2548,5,0.7479311101760631,80.0,32.0
2549,5,0.761068838954895,110.0,44.0
2550,4,0.7663874236776669,60.0,24.0
2551,5,0.7399099389421335,75.0,30.0
2552,5,0.7537825125328308,90.0,36.0
2553,5,0.7669202413116627,120.0,48.0
2554,5,0.7399099389421335,75.0,30.0
2555,5,0.7537825125328308,90.0,36.0
2556,5,0.7669202413116627,120.0,48.0
2557,5,0.7399099389421335,75.0,30.0
2558,5,0.7537825125328308,90.0,36.0
2559,5,0.7669202413116627,120.0,48.0
2560,4,0.7678773023542252,60.0,24.0
2561,5,0.7411018418833801,75.0,30.0
2562,5,0.7549744154740774,90.0,36.0
2563,5,0.7681121442529094,120.0,48.0
2564,5,0.7411018418833801,75.0,30.0
2565,5,0.7549744154740774,90.0,36.0
2566,5,0.7681121442529094,120.0,48.0
2567,5,0.7411018418833801,75.0,30.0
2568,5,0.7549744154740774,90.0,36.0
2569,5,0.7681121442529094,120.0,48.0
2570,4,0.7764138877200789,65.0,26.0
2571,5,0.7479311101760631,80.0,32.0
2572,5,0.7618036837667603,95.0,38.0
2573,5,0.7749414125455923,125.0,50.0
2574,5,0.7479311101760631,80.0,32.0
2575,5,0.7618036837667603,95.0,38.0
2576,5,0.7749414125455923,125.0,50.0
2577,5,0.7479311101760631,80.0,32.0
2578,5,0.7618036837667603,95.0,38.0
2579,5,0.7749414125455923,125.0,50.0
2580,4,0.7837281406660386,75.0,30.0
2581,5,0.7537825125328308,90.0,36.0
2582,5,0.7676550861235281,105.0,42.0
2583,5,0.7807928149023601,135.0,54.0
2584,5,0.7537825125328308,90.0,36.0
2585,5,0.7676550861235281,105.0,42.0
2586,5,0.7807928149023601,135.0,54.0
2587,5,0.7537825125328308,90.0,36.0
2588,5,0.7676550861235281,105.0,42.0
2589,5,0.7807928149023601,135.0,54.0
2590,4,0.7842994633277652,90.0,36.0
2591,5,0.7542395706622121,105.0,42.0
2592,5,0.7681121442529094,120.0,48.0
2593,5,0.7812498730317414,150.0,60.0
2594,5,0.7542395706622121,105.0,42.0
2595,5,0.7681121442529094,120.0,48.0
2596,5,0.7812498730317414,150.0,60.0
2597,5,0.7542395706622121,105.0,42.0
2598,5,0.7681121442529094,120.0,48.0
2599,5,0.7812498730317414,150.0,60.0
2600,4,0.7928360486936189,95.0,38.0
2601,5,0.7610688389548951,110.0,44.0
2602,5,0.7749414125455923,125.0,50.0
2603,5,0.7880791413244244,155.0,62.0
2604,5,0.7610688389548951,110.0,44.0
2605,5,0.7749414125455923,125.0,50.0
2606,5,0.7880791413244244,155.0,62.0
2607,5,0.7610688389548951,110.0,44.0
2608,5,0.7749414125455923,125.0,50.0
2609,5,0.7880791413244244,155.0,62.0
2610,3,0.8105165649035561,45.0,18.0
2611,4,0.766387423677667,60.0,24.0
2612,4,0.7837281406660386,75.0,30.0
2613,4,0.766387423677667,60.0,24.0
2614,4,0.7837281406660386,75.0,30.0
2615,4,0.766387423677667,60.0,24.0
2616,4,0.7837281406660386,75.0,30.0
2617,4,0.8001503016395786,105.0,42.0
2618,4,0.766387423677667,60.0,24.0
2619,5,0.7399099389421335,75.0,30.0
2620,5,0.7537825125328308,90.0,36.0
2621,5,0.7399099389421335,75.0,30.0
2622,5,0.7537825125328308,90.0,36.0
2623,5,0.7399099389421335,75.0,30.0
2624,5,0.7537825125328308,90.0,36.0
2625,4,0.7837281406660386,75.0,30.0
2626,5,0.7537825125328308,90.0,36.0
2627,5,0.7676550861235281,105.0,42.0
2628,5,0.7537825125328308,90.0,36.0
2629,5,0.7676550861235281,105.0,42.0
2630,5,0.7537825125328308,90.0,36.0
2631,5,0.7676550861235281,105.0,42.0
2632,4,0.8001503016395786,105.0,42.0
2633,5,0.7669202413116628,120.0,48.0
2634,5,0.7807928149023601,135.0,54.0
2635,4,0.766387423677667,60.0,24.0
2636,5,0.7399099389421335,75.0,30.0
2637,5,0.7537825125328308,90.0,36.0
2638,5,0.7399099389421335,75.0,30.0
2639,5,0.7537825125328308,90.0,36.0
2640,5,0.7399099389421335,75.0,30.0
2641,5,0.7537825125328308,90.0,36.0
2642,4,0.7837281406660386,75.0,30.0
2643,5,0.7537825125328308,90.0,36.0
2644,5,0.7676550861235281,105.0,42.0
2645,5,0.7537825125328308,90.0,36.0
2646,5,0.7676550861235281,105.0,42.0
2647,5,0.7537825125328308,90.0,36.0
2648,5,0.7676550861235281,105.0,42.0
2649,4,0.8001503016395786,105.0,42.0
2650,5,0.7669202413116628,120.0,48.0
2651,5,0.7807928149023601,135.0,54.0
2652,4,0.766387423677667,60.0,24.0
2653,5,0.7399099389421335,75.0,30.0
2654,5,0.7537825125328308,90.0,36.0
2655,5,0.7399099389421335,75.0,30.0
2656,5,0.7537825125328308,90.0,36.0
2657,5,0.7399099389421335,75.0,30.0
2658,5,0.7537825125328308,90.0,36.0
2659,5,0.7669202413116628,120.0,48.0
2660,4,0.7837281406660386,75.0,30.0
2661,5,0.7537825125328308,90.0,36.0
2662,5,0.7676550861235281,105.0,42.0
2663,5,0.7537825125328308,90.0,36.0
2664,5,0.7676550861235281,105.0,42.0
2665,5,0.7537825125328308,90.0,36.0
2666,5,0.7676550861235281,105.0,42.0
2667,5,0.7807928149023601,135.0,54.0
2668,4,0.8001503016395786,105.0,42.0
2669,5,0.7669202413116628,120.0,48.0
2670,5,0.7807928149023601,135.0,54.0
2671,5,0.7669202413116628,120.0,48.0
2672,5,0.7807928149023601,135.0,54.0
2673,5,0.7669202413116628,120.0,48.0
2674,5,0.7807928149023601,135.0,54.0
2675,5,0.7939305436811921,165.0,66.0
2676,3,0.8011209559844955,40.0,16.0
2677,4,0.7593407169883716,55.0,22.0
2678,4,0.7766814339767432,70.0,28.0
2679,4,0.7931035949502832,100.0,40.0
2680,4,0.7593407169883716,55.0,22.0
2681,4,0.7766814339767432,70.0,28.0
2682,4,0.7593407169883716,55.0,22.0
2683,4,0.7766814339767432,70.0,28.0
2684,3,0.8125030698056337,45.0,18.0
2685,4,0.7678773023542252,60.0,24.0
2686,4,0.7852180193425968,75.0,30.0
2687,4,0.8016401803161368,105.0,42.0
2688,4,0.7678773023542252,60.0,24.0
2689,4,0.7852180193425968,75.0,30.0
2690,4,0.7678773023542252,60.0,24.0
2691,4,0.7852180193425968,75.0,30.0
2692,4,0.7593407169883716,55.0,22.0
2693,5,0.7342725735906972,70.0,28.0
2694,5,0.7481451471813945,85.0,34.0
2695,5,0.7612828759602265,115.0,46.0
2696,5,0.7342725735906972,70.0,28.0
2697,5,0.7481451471813945,85.0,34.0
2698,5,0.7342725735906972,70.0,28.0
2699,5,0.7481451471813945,85.0,34.0
2700,4,0.7678773023542252,60.0,24.0
2701,5,0.7411018418833801,75.0,30.0
2702,5,0.7549744154740774,90.0,36.0
2703,5,0.7681121442529094,120.0,48.0
2704,5,0.7411018418833801,75.0,30.0
2705,5,0.7549744154740774,90.0,36.0
2706,5,0.7411018418833801,75.0,30.0
2707,5,0.7549744154740774,90.0,36.0
2708,4,0.7766814339767432,70.0,28.0
2709,5,0.7481451471813945,85.0,34.0
2710,5,0.7620177207720917,100.0,40.0
2711,5,0.7751554495509237,130.0,52.0
2712,5,0.7481451471813945,85.0,34.0
2713,5,0.7481451471813945,85.0,34.0
2714,4,0.7852180193425968,75.0,30.0
2715,5,0.7549744154740774,90.0,36.0
2716,5,0.7688469890647747,105.0,42.0
2717,5,0.7819847178436067,135.0,54.0
2718,5,0.7549744154740774,90.0,36.0
2719,5,0.7549744154740774,90.0,36.0
2720,4,0.7593407169883716,55.0,22.0
2721,5,0.7342725735906972,70.0,28.0
2722,5,0.7481451471813945,85.0,34.0
2723,5,0.7612828759602265,115.0,46.0
2724,5,0.7342725735906972,70.0,28.0
2725,5,0.7481451471813945,85.0,34.0
2726,5,0.7342725735906972,70.0,28.0
2727,5,0.7481451471813945,85.0,34.0
2728,4,0.7678773023542252,60.0,24.0
2729,5,0.7411018418833801,75.0,30.0
2730,5,0.7549744154740774,90.0,36.0
2731,5,0.7681121442529094,120.0,48.0
2732,5,0.7411018418833801,75.0,30.0
2733,5,0.7549744154740774,90.0,36.0
2734,5,0.7411018418833801,75.0,30.0
2735,5,0.7549744154740774,90.0,36.0
2736,4,0.7766814339767432,70.0,28.0
2737,5,0.7481451471813945,85.0,34.0
2738,5,0.7620177207720917,100.0,40.0
2739,5,0.7751554495509237,130.0,52.0
2740,5,0.7481451471813945,85.0,34.0
2741,5,0.7481451471813945,85.0,34.0
2742,4,0.7852180193425968,75.0,30.0
2743,5,0.7549744154740774,90.0,36.0
2744,5,0.7688469890647747,105.0,42.0
2745,5,0.7819847178436067,135.0,54.0
2746,5,0.7549744154740774,90.0,36.0
2747,5,0.7549744154740774,90.0,36.0
2748,4,0.7593407169883716,55.0,22.0
2749,5,0.7342725735906972,70.0,28.0
2750,5,0.7481451471813945,85.0,34.0
2751,5,0.7612828759602265,115.0,46.0
2752,5,0.7342725735906972,70.0,28.0
2753,5,0.7481451471813945,85.0,34.0
2754,5,0.7342725735906972,70.0,28.0
2755,5,0.7481451471813945,85.0,34.0
2756,4,0.7678773023542252,60.0,24.0
2757,5,0.7411018418833801,75.0,30.0
2758,5,0.7549744154740774,90.0,36.0
2759,5,0.7681121442529094,120.0,48.0
2760,5,0.7411018418833801,75.0,30.0
2761,5,0.7549744154740774,90.0,36.0
2762,5,0.7411018418833801,75.0,30.0
2763,5,0.7549744154740774,90.0,36.0
2764,4,0.7766814339767432,70.0,28.0
2765,5,0.7481451471813945,85.0,34.0
2766,5,0.7620177207720917,100.0,40.0
2767,5,0.7751554495509237,130.0,52.0
2768,5,0.7481451471813945,85.0,34.0
2769,5,0.7620177207720917,100.0,40.0
2770,5,0.7481451471813945,85.0,34.0
2771,5,0.7620177207720917,100.0,40.0
2772,4,0.7852180193425968,75.0,30.0
2773,5,0.7549744154740774,90.0,36.0
2774,5,0.7688469890647747,105.0,42.0
2775,5,0.7819847178436067,135.0,54.0
2776,5,0.7549744154740774,90.0,36.0
2777,5,0.7688469890647747,105.0,42.0
2778,5,0.7549744154740774,90.0,36.0
2779,5,0.7688469890647747,105.0,42.0
2780,4,0.7931035949502832,100.0,40.0
2781,5,0.7612828759602265,115.0,46.0
2782,5,0.7751554495509237,130.0,52.0
2783,5,0.7882931783297558,160.0,64.0
2784,5,0.7612828759602265,115.0,46.0
2785,5,0.7751554495509237,130.0,52.0
2786,5,0.7612828759602265,115.0,46.0
2787,5,0.7751554495509237,130.0,52.0
2788,4,0.8016401803161368,105.0,42.0
2789,5,0.7681121442529094,120.0,48.0
2790,5,0.7819847178436067,135.0,54.0
2791,5,0.7951224466224387,165.0,66.0
2792,5,0.7681121442529094,120.0,48.0
2793,5,0.7819847178436067,135.0,54.0
2794,5,0.7681121442529094,120.0,48.0
2795,5,0.7819847178436067,135.0,54.0
2796,3,0.8125030698056337,45.0,18.0
2797,4,0.7678773023542252,60.0,24.0
2798,4,0.7852180193425968,75.0,30.0
2799,4,0.8016401803161368,105.0,42.0
2800,4,0.7678773023542252,60.0,24.0
2801,4,0.7852180193425968,75.0,30.0
2802,4,0.7678773023542252,60.0,24.0
2803,4,0.7852180193425968,75.0,30.0
2804,3,0.8238851836267719,50.0,20.0
2805,4,0.7764138877200789,65.0,26.0
2806,4,0.7937546047084505,80.0,32.0
2807,4,0.8101767656819905,110.0,44.0
2808,4,0.7764138877200789,65.0,26.0
2809,4,0.7937546047084505,80.0,32.0
2810,4,0.7764138877200789,65.0,26.0
2811,4,0.7937546047084505,80.0,32.0
2812,3,0.8336375208880517,60.0,24.0
2813,4,0.7837281406660387,75.0,30.0
2814,4,0.8010688576544103,90.0,36.0
2815,4,0.8174910186279503,120.0,48.0
2816,4,0.7837281406660387,75.0,30.0
2817,4,0.8010688576544103,90.0,36.0
2818,4,0.7837281406660387,75.0,30.0
2819,4,0.8010688576544103,90.0,36.0
2820,4,0.7678773023542252,60.0,24.0
2821,5,0.7411018418833801,75.0,30.0
2822,5,0.7549744154740774,90.0,36.0
2823,5,0.7681121442529094,120.0,48.0
2824,5,0.7411018418833801,75.0,30.0
2825,5,0.7549744154740774,90.0,36.0
2826,5,0.7411018418833801,75.0,30.0
2827,5,0.7549744154740774,90.0,36.0
2828,4,0.7764138877200789,65.0,26.0
2829,5,0.7479311101760631,80.0,32.0
2830,5,0.7618036837667603,95.0,38.0
2831,5,0.7749414125455923,125.0,50.0
2832,5,0.7479311101760631,80.0,32.0
2833,5,0.7618036837667603,95.0,38.0
2834,5,0.7479311101760631,80.0,32.0
2835,5,0.7618036837667603,95.0,38.0
2836,4,0.7837281406660386,75.0,30.0
2837,5,0.7537825125328308,90.0,36.0
2838,5,0.7676550861235281,105.0,42.0
2839,5,0.7807928149023601,135.0,54.0
2840,5,0.7537825125328308,90.0,36.0
2841,5,0.7676550861235281,105.0,42.0
2842,5,0.7537825125328308,90.0,36.0
2843,5,0.7676550861235281,105.0,42.0
2844,4,0.7852180193425968,75.0,30.0
2845,5,0.7549744154740774,90.0,36.0
2846,5,0.7688469890647747,105.0,42.0
2847,5,0.7819847178436067,135.0,54.0
2848,5,0.7549744154740774,90.0,36.0
2849,5,0.7549744154740774,90.0,36.0
2850,4,0.7937546047084505,80.0,32.0
2851,5,0.7618036837667603,95.0,38.0
2852,5,0.7756762573574576,110.0,44.0
2853,5,0.7888139861362896,140.0,56.0
2854,5,0.7618036837667603,95.0,38.0
2855,5,0.7618036837667603,95.0,38.0
2856,4,0.8010688576544103,90.0,36.0
2857,5,0.7676550861235282,105.0,42.0
2858,5,0.7815276597142254,120.0,48.0
2859,5,0.7946653884930575,150.0,60.0
2860,5,0.7676550861235282,105.0,42.0
2861,5,0.7676550861235282,105.0,42.0
2862,4,0.7678773023542252,60.0,24.0
2863,5,0.7411018418833801,75.0,30.0
2864,5,0.7549744154740774,90.0,36.0
2865,5,0.7681121442529094,120.0,48.0
2866,5,0.7411018418833801,75.0,30.0
2867,5,0.7549744154740774,90.0,36.0
2868,5,0.7411018418833801,75.0,30.0
2869,5,0.7549744154740774,90.0,36.0
2870,4,0.7764138877200789,65.0,26.0
2871,5,0.7479311101760631,80.0,32.0
2872,5,0.7618036837667603,95.0,38.0
2873,5,0.7749414125455923,125.0,50.0
2874,5,0.7479311101760631,80.0,32.0
2875,5,0.7618036837667603,95.0,38.0
2876,5,0.7479311101760631,80.0,32.0
2877,5,0.7618036837667603,95.0,38.0
2878,4,0.7837281406660386,75.0,30.0
2879,5,0.7537825125328308,90.0,36.0
2880,5,0.7676550861235281,105.0,42.0
2881,5,0.7807928149023601,135.0,54.0
2882,5,0.7537825125328308,90.0,36.0
2883,5,0.7676550861235281,105.0,42.0
2884,5,0.7537825125328308,90.0,36.0
2885,5,0.7676550861235281,105.0,42.0
2886,4,0.7852180193425968,75.0,30.0
2887,5,0.7549744154740774,90.0,36.0
2888,5,0.7688469890647747,105.0,42.0
2889,5,0.7819847178436067,135.0,54.0
2890,5,0.7549744154740774,90.0,36.0
2891,5,0.7549744154740774,90.0,36.0
2892,4,0.7937546047084505,80.0,32.0
2893,5,0.7618036837667603,95.0,38.0
2894,5,0.7756762573574576,110.0,44.0
2895,5,0.7888139861362896,140.0,56.0
2896,5,0.7618036837667603,95.0,38.0
2897,5,0.7618036837667603,95.0,38.0
2898,4,0.8010688576544103,90.0,36.0
2899,5,0.7676550861235282,105.0,42.0
2900,5,0.7815276597142254,120.0,48.0
2901,5,0.7946653884930575,150.0,60.0
2902,5,0.7676550861235282,105.0,42.0
2903,5,0.7676550861235282,105.0,42.0
2904,4,0.7678773023542252,60.0,24.0
2905,5,0.7411018418833801,75.0,30.0
2906,5,0.7549744154740774,90.0,36.0
2907,5,0.7681121442529094,120.0,48.0
2908,5,0.7411018418833801,75.0,30.0
2909,5,0.7549744154740774,90.0,36.0
2910,5,0.7411018418833801,75.0,30.0
2911,5,0.7549744154740774,90.0,36.0
2912,4,0.7764138877200789,65.0,26.0
2913,5,0.7479311101760631,80.0,32.0
2914,5,0.7618036837667603,95.0,38.0
2915,5,0.7749414125455923,125.0,50.0
2916,5,0.7479311101760631,80.0,32.0
2917,5,0.7618036837667603,95.0,38.0
2918,5,0.7479311101760631,80.0,32.0
2919,5,0.7618036837667603,95.0,38.0
2920,4,0.7837281406660386,75.0,30.0
2921,5,0.7537825125328308,90.0,36.0
2922,5,0.7676550861235281,105.0,42.0
2923,5,0.7807928149023601,135.0,54.0
2924,5,0.7537825125328308,90.0,36.0
2925,5,0.7676550861235281,105.0,42.0
2926,5,0.7537825125328308,90.0,36.0
2927,5,0.7676550861235281,105.0,42.0
2928,4,0.7852180193425968,75.0,30.0
2929,5,0.7549744154740774,90.0,36.0
2930,5,0.7688469890647747,105.0,42.0
2931,5,0.7819847178436067,135.0,54.0
2932,5,0.7549744154740774,90.0,36.0
2933,5,0.7688469890647747,105.0,42.0
2934,5,0.7549744154740774,90.0,36.0
2935,5,0.7688469890647747,105.0,42.0
2936,4,0.7937546047084505,80.0,32.0
2937,5,0.7618036837667603,95.0,38.0
2938,5,0.7756762573574576,110.0,44.0
2939,5,0.7888139861362896,140.0,56.0
2940,5,0.7618036837667603,95.0,38.0
2941,5,0.7756762573574576,110.0,44.0
2942,5,0.7618036837667603,95.0,38.0
2943,5,0.7756762573574576,110.0,44.0
2944,4,0.8010688576544103,90.0,36.0
2945,5,0.7676550861235282,105.0,42.0
2946,5,0.7815276597142254,120.0,48.0
2947,5,0.7946653884930575,150.0,60.0
2948,5,0.7676550861235282,105.0,42.0
2949,5,0.7815276597142254,120.0,48.0
2950,5,0.7676550861235282,105.0,42.0
2951,5,0.7815276597142254,120.0,48.0
2952,4,0.8016401803161368,105.0,42.0
2953,5,0.7681121442529094,120.0,48.0
2954,5,0.7819847178436067,135.0,54.0
2955,5,0.7951224466224387,165.0,66.0
2956,5,0.7681121442529094,120.0,48.0
2957,5,0.7819847178436067,135.0,54.0
2958,5,0.7681121442529094,120.0,48.0
2959,5,0.7819847178436067,135.0,54.0
2960,4,0.8101767656819905,110.0,44.0
2961,5,0.7749414125455923,125.0,50.0
2962,5,0.7888139861362896,140.0,56.0
2963,5,0.8019517149151216,170.0,68.0
2964,5,0.7749414125455923,125.0,50.0
2965,5,0.7888139861362896,140.0,56.0
2966,5,0.7749414125455923,125.0,50.0
2967,5,0.7888139861362896,140.0,56.0
2968,3,0.8336375208880514,60.0,24.0
2969,4,0.7837281406660386,75.0,30.0
2970,4,0.8010688576544102,90.0,36.0
2971,4,0.7837281406660386,75.0,30.0
2972,4,0.8010688576544102,90.0,36.0
2973,4,0.7837281406660386,75.0,30.0
2974,4,0.8010688576544102,90.0,36.0
2975,3,0.8433898581493312,70.0,28.0
2976,4,0.8083831106003699,100.0,40.0
2977,4,0.8083831106003699,100.0,40.0
2978,4,0.8083831106003699,100.0,40.0
2979,4,0.7837281406660386,75.0,30.0
2980,5,0.7537825125328308,90.0,36.0
2981,5,0.7676550861235281,105.0,42.0
2982,5,0.7537825125328308,90.0,36.0
2983,5,0.7676550861235281,105.0,42.0
2984,5,0.7537825125328308,90.0,36.0
2985,5,0.7676550861235281,105.0,42.0
2986,4,0.8010688576544102,90.0,36.0
2987,5,0.7676550861235281,105.0,42.0
2988,5,0.7815276597142253,120.0,48.0
2989,5,0.7676550861235281,105.0,42.0
2990,5,0.7676550861235281,105.0,42.0
2991,4,0.8083831106003698,100.0,40.0
2992,5,0.7873790620709931,130.0,52.0
2993,4,0.7837281406660386,75.0,30.0
2994,5,0.7537825125328308,90.0,36.0
2995,5,0.7676550861235281,105.0,42.0
2996,5,0.7537825125328308,90.0,36.0
2997,5,0.7676550861235281,105.0,42.0
2998,5,0.7537825125328308,90.0,36.0
2999,5,0.7676550861235281,105.0,42.0
3000,4,0.8010688576544102,90.0,36.0
3001,5,0.7676550861235281,105.0,42.0
3002,5,0.7815276597142253,120.0,48.0
3003,5,0.7676550861235281,105.0,42.0
3004,5,0.7676550861235281,105.0,42.0
3005,4,0.8083831106003698,100.0,40.0
3006,5,0.7873790620709931,130.0,52.0
3007,4,0.7837281406660386,75.0,30.0
3008,5,0.7537825125328308,90.0,36.0
3009,5,0.7676550861235281,105.0,42.0
3010,5,0.7537825125328308,90.0,36.0
3011,5,0.7676550861235281,105.0,42.0
3012,5,0.7537825125328308,90.0,36.0
3013,5,0.7676550861235281,105.0,42.0
3014,4,0.8010688576544102,90.0,36.0
3015,5,0.7676550861235281,105.0,42.0
3016,5,0.7815276597142253,120.0,48.0
3017,5,0.7676550861235281,105.0,42.0
3018,5,0.7815276597142253,120.0,48.0
3019,5,0.7676550861235281,105.0,42.0
3020,5,0.7815276597142253,120.0,48.0
3021,4,0.8083831106003698,100.0,40.0
3022,5,0.7873790620709931,130.0,52.0
3023,5,0.7873790620709931,130.0,52.0
3024,5,0.7873790620709931,130.0,52.0
3025,4,0.8174910186279503,120.0,48.0
3026,5,0.7807928149023602,135.0,54.0
3027,5,0.7946653884930575,150.0,60.0
3028,5,0.7807928149023602,135.0,54.0
3029,5,0.7946653884930575,150.0,60.0
3030,5,0.7807928149023602,135.0,54.0
3031,5,0.7946653884930575,150.0,60.0
3032,3,0.8230171706158821,70.0,28.0
3033,4,0.7757628779619116,85.0,34.0
3034,4,0.7931035949502832,100.0,40.0
3035,4,0.8095257559238231,130.0,52.0
3036,4,0.7757628779619116,85.0,34.0
3037,4,0.7757628779619116,85.0,34.0
3038,3,0.8343992844370204,75.0,30.0
3039,4,0.7842994633277652,90.0,36.0
3040,4,0.8016401803161368,105.0,42.0
3041,4,0.8180623412896768,135.0,54.0
3042,4,0.7842994633277652,90.0,36.0
3043,4,0.7842994633277652,90.0,36.0
3044,4,0.7757628779619116,85.0,34.0
3045,5,0.7474103023695292,100.0,40.0
3046,5,0.7612828759602265,115.0,46.0
3047,5,0.7744206047390585,145.0,58.0
3048,4,0.7842994633277652,90.0,36.0
3049,5,0.7542395706622121,105.0,42.0
3050,5,0.7681121442529094,120.0,48.0
3051,5,0.7812498730317414,150.0,60.0
3052,4,0.7757628779619116,85.0,34.0
3053,5,0.7474103023695292,100.0,40.0
3054,5,0.7612828759602265,115.0,46.0
3055,5,0.7744206047390585,145.0,58.0
3056,4,0.7842994633277652,90.0,36.0
3057,5,0.7542395706622121,105.0,42.0
3058,5,0.7681121442529094,120.0,48.0
3059,5,0.7812498730317414,150.0,60.0
3060,4,0.7757628779619116,85.0,34.0
3061,5,0.7474103023695292,100.0,40.0
3062,5,0.7612828759602265,115.0,46.0
3063,5,0.7744206047390585,145.0,58.0
3064,5,0.7474103023695292,100.0,40.0
3065,5,0.7474103023695292,100.0,40.0
3066,4,0.7842994633277652,90.0,36.0
3067,5,0.7542395706622121,105.0,42.0
3068,5,0.7681121442529094,120.0,48.0
3069,5,0.7812498730317414,150.0,60.0
3070,5,0.7542395706622121,105.0,42.0
3071,5,0.7542395706622121,105.0,42.0
3072,4,0.7931035949502832,100.0,40.0
3073,5,0.7612828759602265,115.0,46.0
3074,5,0.7751554495509237,130.0,52.0
3075,5,0.7882931783297558,160.0,64.0
3076,5,0.7612828759602265,115.0,46.0
3077,5,0.7612828759602265,115.0,46.0
3078,4,0.8016401803161368,105.0,42.0
3079,5,0.7681121442529094,120.0,48.0
3080,5,0.7819847178436067,135.0,54.0
3081,5,0.7951224466224387,165.0,66.0
3082,5,0.7681121442529094,120.0,48.0
3083,5,0.7681121442529094,120.0,48.0
3084,4,0.8095257559238231,130.0,52.0
3085,5,0.7744206047390585,145.0,58.0
3086,5,0.7882931783297558,160.0,64.0
3087,5,0.7744206047390585,145.0,58.0
3088,5,0.7744206047390585,145.0,58.0
3089,4,0.8180623412896768,135.0,54.0
3090,5,0.7812498730317414,150.0,60.0
3091,5,0.7951224466224387,165.0,66.0
3092,5,0.7812498730317414,150.0,60.0
3093,5,0.7812498730317414,150.0,60.0
3094,3,0.8343992844370204,75.0,30.0
3095,4,0.7842994633277652,90.0,36.0
3096,4,0.8016401803161368,105.0,42.0
3097,4,0.8180623412896768,135.0,54.0
3098,4,0.7842994633277652,90.0,36.0
3099,4,0.7842994633277652,90.0,36.0
3100,3,0.8457813982581586,80.0,32.0
3101,4,0.7928360486936189,95.0,38.0
3102,4,0.8101767656819905,110.0,44.0
3103,4,0.8265989266555305,140.0,56.0
3104,4,0.7928360486936189,95.0,38.0
3105,4,0.7928360486936189,95.0,38.0
3106,3,0.8555337355194382,90.0,36.0
3107,4,0.8001503016395787,105.0,42.0
3108,4,0.8174910186279503,120.0,48.0
3109,4,0.8339131796014903,150.0,60.0
3110,4,0.8001503016395787,105.0,42.0
3111,4,0.8001503016395787,105.0,42.0
3112,4,0.7842994633277652,90.0,36.0
3113,5,0.7542395706622121,105.0,42.0
3114,5,0.7681121442529094,120.0,48.0
3115,5,0.7812498730317414,150.0,60.0
3116,4,0.7928360486936189,95.0,38.0
3117,5,0.7610688389548951,110.0,44.0
3118,5,0.7749414125455923,125.0,50.0
3119,5,0.7880791413244244,155.0,62.0
3120,4,0.8001503016395786,105.0,42.0
3121,5,0.7669202413116628,120.0,48.0
3122,5,0.7807928149023601,135.0,54.0
3123,5,0.7939305436811921,165.0,66.0
3124,4,0.7842994633277652,90.0,36.0
3125,5,0.7542395706622121,105.0,42.0
3126,5,0.7681121442529094,120.0,48.0
3127,5,0.7812498730317414,150.0,60.0
3128,4,0.7928360486936189,95.0,38.0
3129,5,0.7610688389548951,110.0,44.0
3130,5,0.7749414125455923,125.0,50.0
3131,5,0.7880791413244244,155.0,62.0
3132,4,0.8001503016395786,105.0,42.0
3133,5,0.7669202413116628,120.0,48.0
3134,5,0.7807928149023601,135.0,54.0
3135,5,0.7939305436811921,165.0,66.0
3136,4,0.7842994633277652,90.0,36.0
3137,5,0.7542395706622121,105.0,42.0
3138,5,0.7681121442529094,120.0,48.0
3139,5,0.7812498730317414,150.0,60.0
3140,5,0.7542395706622121,105.0,42.0
3141,5,0.7542395706622121,105.0,42.0
3142,4,0.7928360486936189,95.0,38.0
3143,5,0.7610688389548951,110.0,44.0
3144,5,0.7749414125455923,125.0,50.0
3145,5,0.7880791413244244,155.0,62.0
3146,5,0.7610688389548951,110.0,44.0
3147,5,0.7610688389548951,110.0,44.0
3148,4,0.8001503016395786,105.0,42.0
3149,5,0.7669202413116628,120.0,48.0
3150,5,0.7807928149023601,135.0,54.0
3151,5,0.7939305436811921,165.0,66.0
3152,5,0.7669202413116628,120.0,48.0
3153,5,0.7669202413116628,120.0,48.0
3154,4,0.8016401803161368,105.0,42.0
3155,5,0.7681121442529094,120.0,48.0
3156,5,0.7819847178436067,135.0,54.0
3157,5,0.7951224466224387,165.0,66.0
3158,5,0.7681121442529094,120.0,48.0
3159,5,0.7681121442529094,120.0,48.0
3160,4,0.8101767656819905,110.0,44.0
3161,5,0.7749414125455923,125.0,50.0
3162,5,0.7888139861362896,140.0,56.0
3163,5,0.8019517149151216,170.0,68.0
3164,5,0.7749414125455923,125.0,50.0
3165,5,0.7749414125455923,125.0,50.0
3166,4,0.8174910186279503,120.0,48.0
3167,5,0.7807928149023602,135.0,54.0
3168,5,0.7946653884930575,150.0,60.0
3169,5,0.8078031172718895,180.0,72.0
3170,5,0.7807928149023602,135.0,54.0
3171,5,0.7807928149023602,135.0,54.0
3172,4,0.8180623412896768,135.0,54.0
3173,5,0.7812498730317414,150.0,60.0
3174,5,0.7951224466224387,165.0,66.0
3175,5,0.7812498730317414,150.0,60.0
3176,5,0.7812498730317414,150.0,60.0
3177,4,0.8265989266555305,140.0,56.0
3178,5,0.7880791413244244,155.0,62.0
3179,5,0.8019517149151216,170.0,68.0
3180,5,0.7880791413244244,155.0,62.0
3181,5,0.7880791413244244,155.0,62.0
3182,3,0.8555337355194382,90.0,36.0
3183,4,0.8001503016395787,105.0,42.0
3184,4,0.8174910186279503,120.0,48.0
3185,4,0.8001503016395787,105.0,42.0
3186,4,0.8001503016395787,105.0,42.0
3187,3,0.865286072780718,100.0,40.0
3188,4,0.82480527157391,130.0,52.0
3189,4,0.8001503016395787,105.0,42.0
3190,5,0.7669202413116629,120.0,48.0
3191,5,0.7807928149023602,135.0,54.0
3192,4,0.8001503016395787,105.0,42.0
3193,5,0.7669202413116629,120.0,48.0
3194,5,0.7807928149023602,135.0,54.0
3195,4,0.8001503016395787,105.0,42.0
3196,5,0.7669202413116629,120.0,48.0
3197,5,0.7807928149023602,135.0,54.0
3198,5,0.7669202413116629,120.0,48.0
3199,5,0.7669202413116629,120.0,48.0
3200,4,0.8174910186279503,120.0,48.0
3201,5,0.7807928149023602,135.0,54.0
3202,5,0.7946653884930575,150.0,60.0
3203,5,0.7807928149023602,135.0,54.0
3204,5,0.7807928149023602,135.0,54.0
3205,4,0.82480527157391,130.0,52.0
3206,5,0.8005167908498253,160.0,64.0
3207,4,0.8339131796014903,150.0,60.0
3208,5,0.7939305436811922,165.0,66.0
3209,5,0.8078031172718895,180.0,72.0
3210,5,0.7939305436811922,165.0,66.0
3211,5,0.7939305436811922,165.0,66.0
